x,y,z
-8.35042,-1.99184,8.23551
-8.92499,-1.53219,8.65686
-8.81008,-1.6088,9.88261
-8.92499,-1.68541,11.3382
-9.72939,-1.6471,12.5256
-10.0358,-1.22575,12.5256
-9.23143,-0.497961,12.2192
-9.07821,1.34066,10.9551
-7.43111,3.60064,10.2273
-4.51995,5.86062,10.304
-1.30236,8.73347,10.8402
-3.06437,8.77177,16.5859
-4.51995,7.54602,19.6503
-4.74978,8.35042,20.2632
-3.06437,10.3423,19.229
-1.91523,11.8745,17.3137
-1.83862,13.5599,16.6625
-0.881008,15.0537,18.3096
5.47757,17.85,21.872
7.20128,18.3096,22.0635
4.59656,17.4286,18.5778
3.79216,15.4751,15.5517
0.0383047,13.3683,11.568
-4.32843,12.066,9.34634
-4.44334,12.4107,8.42703
-3.21759,13.4449,9.19312
-1.11084,14.1727,9.69109
-0.612875,15.2453,10.687
2.60472,16.3561,10.687
4.78809,17.85,10.189
5.97553,18.8076,9.49956
6.62671,19.3822,9.53786
7.00976,18.6161,10.6104
7.3545,16.7008,12.8321
7.3545,15.8581,15.0537
7.31619,14.211,16.2795
7.23959,13.4449,17.1605
7.00976,14.1727,15.7432
6.32027,14.4409,13.3683
4.17521,14.5175,10.9168
4.02199,13.2151,8.35042
4.36673,11.6446,7.69924
5.28605,10.0358,9.23143
4.903,8.92499,11.5297
2.64302,8.1972,11.8361
0.459656,7.16298,10.7253
-0.459656,6.81823,8.92499
0.689484,6.81823,6.5501
1.34066,6.70332,5.17113
5.59248,7.23959,3.71555
12.5256,8.23551,2.37489
11.2616,6.97145,1.57049
7.69924,5.17113,1.22575
5.51587,4.48165,-0.842703
5.20944,4.903,-4.903
6.24366,6.16705,-9.806
6.05214,6.39688,-11.7212
4.44334,6.32027,-11.9894
0.995922,3.75386,-6.24366
0.0383047,0.383047,-1.34066
-5.20944,-2.4898,3.14098
-8.69516,-1.76202,4.13691
-9.806,-0.191523,2.79624
-11.2999,0.995922,2.41319
-11.7595,1.18745,5.40096
-10.9934,-0.191523,13.6365
-8.1589,-3.02607,22.4465
-7.04806,-4.903,25.9323
1.83862,-2.06845,21.4506
3.2942,1.26405,14.0578
1.26405,2.41319,8.00568
-1.30236,1.6088,4.71148
-1.41727,0.383047,5.47757
-1.34066,-1.87693,8.1972
-0.65118,-2.91116,9.46126
0.766094,-2.14506,8.65686
3.60064,-0.65118,5.43926
7.27789,-0.842703,2.71963
8.84838,-1.72371,-0.421352
8.58025,-4.0986,-2.52811
7.69924,-6.5501,-3.71555
6.35858,-3.86877,-3.14098
4.71148,-4.25182,-2.33659
5.09452,-3.75386,-0.0766094
5.55418,-3.86877,-0.114914
8.58025,-6.35858,-1.07253
7.89076,-9.34634,-0.191523
7.04806,-10.2657,0.881008
6.39688,-9.61448,1.53219
5.01791,-9.23143,0.383047
5.7457,-7.43111,-0.65118
6.35858,-7.3545,-2.41319
5.82231,-7.23959,-3.86877
5.36266,-7.12467,-1.91523
5.36266,-7.08637,-0.383047
4.25182,-8.50364,3.94538
2.14506,-7.50772,6.5118
3.48573,-5.78401,8.73347
4.903,-3.86877,9.11651
5.32435,-2.71963,9.34634
4.48165,-2.56641,10.4189
1.57049,-3.63894,12.4107
-0.57457,-3.67725,15.1687
-1.87693,-3.40912,16.6242
-0.612875,-2.29828,18.6544
0.0383047,-0.612875,19.229
1.6471,1.6088,18.6927
2.10676,2.87285,17.85
1.49388,2.87285,17.5052
1.11084,2.25998,18.233
0.0383047,0.727789,19.7652
-0.804398,0.153219,20.0717
-0.919312,1.30236,19.8801
-2.91116,3.71555,20.1866
-2.18337,6.85654,17.6968
-1.34066,7.46941,15.4368
-0.65118,9.11651,16.0114
-1.03423,7.66094,19.3056
-2.4515,7.96737,21.6038
-2.56641,9.11651,23.9787
-2.4515,8.42703,22.9445
-2.41319,9.69109,18.1181
-0.153219,10.7253,15.2453
0,10.1507,14.5175
-0.344742,8.38873,13.4833
-4.48165,7.04806,13.1002
-5.66909,7.12467,13.33
-4.29012,7.92907,13.5982
-2.91116,7.58433,14.5558
-2.14506,6.24366,16.2412
-2.37489,5.51587,16.3561
-1.18745,6.16705,15.207
-0.497961,6.70332,13.33
-0.497961,7.31619,11.5297
-0.306437,7.62263,10.1507
-0.114914,7.23959,9.26973
0.114914,7.00976,8.04398
1.30236,6.35858,7.08637
-0.153219,4.86469,5.89892
-1.07253,3.94538,5.20944
-1.11084,3.90708,5.01791
-0.612875,4.25182,3.79216
-0.114914,4.78809,1.53219
0.57457,5.09452,-0.689484
1.37897,4.0986,-0.344742
2.06845,3.48573,-0.804398
2.18337,2.33659,-1.30236
0.268133,0.689484,-1.6088
-0.689484,0.0766094,-1.83862
-1.22575,-0.421352,-1.6088
-0.689484,-0.804398,-2.18337
0.0383047,-1.53219,-2.64302
1.22575,-2.56641,-2.60472
2.75794,-2.79624,-2.4515
3.71555,-2.98777,-2.25998
3.63894,-3.40912,-1.83862
3.83047,-3.83047,-1.76202
4.0603,-4.0986,-2.87285
4.86469,-4.903,-3.60064
7.16298,-5.63079,-2.52811
8.23551,-6.32027,-1.95354
9.76769,-6.5118,-1.37897
10.1507,-6.85654,-0.57457
9.34634,-7.27789,-0.153219
8.88668,-8.00568,-0.766094
9.38465,-7.92907,-2.03015
9.806,-7.54602,-3.10268
9.92091,-8.1972,-3.44742
10.5721,-6.05214,-1.99184
11.9128,-4.17521,-1.34066
11.1084,-2.22167,0.421352
8.35042,-0.842703,3.2942
6.93315,0.459656,7.77585
4.02199,-3.14098,11.3765
2.56641,-4.25182,13.33
3.14098,-2.94946,13.2151
3.71555,-0.689484,12.066
4.17521,1.22575,11.7595
3.98369,2.56641,11.8361
3.75386,2.64302,13.9046
3.2942,3.06437,16.5476
2.18337,2.60472,17.0456
2.25998,3.48573,16.2029
2.83455,4.51995,16.5476
4.36673,5.43926,15.0537
4.71148,6.01384,14.5175
3.83047,6.12875,15.7815
1.53219,5.51587,16.5093
-1.49388,4.86469,18.0032
-4.13691,4.78809,17.8117
-4.903,4.59656,17.7734
-3.86877,4.13691,17.8117
-1.57049,3.86877,17.2371
0.383047,3.98369,16.2412
0.344742,4.9413,14.5175
-2.37489,5.82231,12.1426
-4.36673,4.86469,11.7978
-4.59656,4.0603,11.7212
-6.85654,2.68133,12.1809
-8.12059,-0.383047,13.5982
-4.82639,-0.0766094,14.4026
-0.0766094,-0.114914,13.9046
1.76202,-0.57457,14.4026
3.56234,-0.229828,13.4066
3.83047,1.30236,11.4531
4.55826,-0.612875,10.4189
4.9413,0.65118,9.76769
4.86469,1.22575,10.7636
3.67725,0.727789,11.8745
-0.0383047,0.536266,11.5297
-3.67725,0.881008,9.76769
-7.89076,1.45558,5.78401
-11.3765,-0.0383047,4.74978
-13.0236,-2.83455,4.82639
-12.0277,-5.7074,9.15482
-9.72939,-7.3545,12.5639
-9.07821,-7.43111,13.2151
-4.97961,-5.66909,11.8361
-5.09452,-4.17521,9.30804
-6.66501,-4.71148,7.73755
-8.04398,-5.36266,6.81823
-8.84838,-5.97553,6.85654
-9.07821,-6.12875,6.93315
-8.08229,-5.24774,5.89892
-7.73755,-4.40504,4.97961
-5.20944,-4.40504,3.2942
-5.20944,-4.67317,2.14506
-5.86062,-5.09452,1.34066
-7.00976,-5.20944,0.57457
-7.85246,-5.17113,-0.459656
-8.31211,-5.24774,-2.14506
-7.77585,-4.97961,-3.60064
-7.43111,-4.40504,-3.94538
-6.5501,-4.0986,-2.29828
-5.89892,-4.13691,0
-5.93723,-4.63487,2.18337
-5.89892,-4.02199,2.37489
-5.40096,-3.2942,2.37489
-4.40504,-3.21759,2.64302
-4.29012,-2.98777,3.48573
-3.56234,-2.22167,4.97961
-1.95354,-2.03015,6.89484
-0.766094,-1.26405,7.73755
-0.153219,-0.0766094,7.46941
0.229828,1.14914,7.04806
0.0383047,2.79624,6.16705
0.612875,4.40504,7.00976
3.10268,6.20536,7.92907
6.85654,6.74162,9.34634
7.08637,5.86062,10.4955
4.36673,5.59248,9.8443
3.10268,6.70332,7.96737
3.10268,7.3545,8.23551
2.87285,7.3545,9.42295
3.48573,8.23551,8.96329
7.54602,10.3806,7.54602
9.95922,10.7636,7.50772
8.54194,9.69109,8.27381
7.00976,8.54194,8.1972
6.05214,8.00568,7.46941
4.97961,7.54602,7.04806
4.97961,8.08229,6.20536
4.903,8.38873,5.13283
4.78809,9.69109,4.86469
4.82639,9.806,6.12875
6.43519,10.0358,8.31211
7.43111,10.304,9.8443
8.00568,10.8402,10.4955
7.92907,11.568,10.0741
7.62263,11.6829,10.189
7.31619,11.4914,10.4189
6.01384,11.4148,10.7253
6.01384,11.4148,11.7212
6.43519,11.1467,13.5599
6.89484,11.9128,14.2493
6.20536,12.3341,13.7514
5.28605,13.4449,12.2192
4.63487,14.5941,10.0741
4.13691,15.1303,8.81008
3.60064,15.3219,8.65686
3.37081,14.4409,9.61448
2.56641,12.3724,11.6063
0.57457,9.99752,14.2876
1.53219,8.92499,15.4368
2.06845,9.34634,14.6707
2.03015,10.304,12.8321
2.29828,11.9894,10.4572
1.26405,12.2575,9.26973
0.881008,11.4148,8.58025
-1.99184,10.1507,8.77177
-3.40912,8.35042,8.61855
-3.63894,7.23959,8.12059
-3.56234,7.27789,8.88668
-3.10268,6.28197,9.806
-1.57049,5.66909,10.2657
-4.44334,5.09452,9.72939
-7.73755,4.0986,9.23143
-9.95922,2.60472,8.31211
-10.4572,2.03015,6.05214
-12.3341,1.37897,4.44334
-15.5134,0.57457,3.71555
-15.1687,-0.57457,4.63487
-14.9388,-2.10676,6.16705
-14.8622,-3.90708,8.35042
-13.0236,-3.10268,9.42295
-12.3724,-5.36266,12.3341
-10.0741,-6.20536,14.9005
-9.65278,-6.89484,16.2029
-9.38465,-6.89484,16.4327
-9.72939,-7.23959,16.969
-9.72939,-7.00976,16.6242
-9.72939,-6.81823,15.4368
-10.4572,-5.51587,13.33
-9.34634,-3.98369,11.6446
-7.85246,-3.33251,10.8785
-8.04398,-3.98369,10.2657
-9.23143,-4.67317,9.49956
-10.5721,-4.44334,8.00568
-10.8785,-3.44742,6.5118
-10.0358,-2.29828,6.05214
-8.35042,-1.53219,5.59248
-7.77585,-0.536266,6.01384
-5.55418,0.344742,6.5118
-5.47757,1.11084,7.46941
-5.7074,2.4898,8.04398
-5.89892,3.94538,7.96737
-5.28605,4.74978,8.54194
-4.36673,6.35858,8.42703
-2.60472,8.04398,7.43111
0.881008,9.76769,6.58841
3.75386,11.2616,6.77993
3.44742,9.69109,7.58433
3.37081,8.81008,8.1972
2.56641,8.1589,8.27381
0.881008,9.0016,6.5118
0.919312,9.99752,5.43926
1.41727,10.8785,5.01791
2.25998,11.6446,5.05622
2.56641,12.1809,4.86469
2.91116,13.33,4.74978
3.40912,14.0961,4.0986
3.90708,15.1687,5.28605
4.0603,15.6666,5.82231
4.25182,16.8924,6.58841
8.81008,17.5818,7.96737
11.9511,18.9225,9.8443
12.7555,19.229,10.8785
12.7172,17.9649,12.2958
13.0236,16.2795,13.5599
13.2151,15.1303,14.4026
13.2151,13.6748,14.2876
10.9934,12.3724,13.828
9.69109,11.1467,13.5216
8.65686,10.4955,13.1002
7.04806,10.1124,12.1043
5.36266,9.49956,11.2616
4.78809,9.0016,9.95922
4.55826,8.42703,9.61448
4.82639,7.77585,9.15482
5.05622,6.93315,9.42295
5.43926,6.39688,10.1507
5.59248,6.5118,10.9551
7.08637,7.3928,10.304
6.70332,8.81008,7.96737
6.12875,8.65686,6.81823
6.74162,8.38873,5.82231
7.46941,8.54194,5.59248
7.58433,9.42295,4.32843
8.12059,8.84838,4.32843
7.85246,7.81416,5.36266
7.54602,7.31619,5.82231
6.97145,6.74162,5.51587
5.28605,6.43519,3.63894
4.0603,5.82231,2.4898
4.32843,4.903,3.52403
4.36673,3.86877,4.78809
5.66909,3.33251,5.89892
5.63079,3.37081,5.89892
4.82639,3.40912,5.36266
4.0603,3.17929,3.90708
2.37489,2.37489,2.68133
1.22575,1.6088,1.30236
0.229828,1.11084,-0.459656
-0.497961,0.421352,-1.95354
-0.995922,-0.229828,-3.02607
-1.6088,-0.689484,-3.83047
-1.83862,-1.41727,-4.25182
-1.41727,-1.6471,-4.63487
-1.72371,-1.95354,-5.24774
-2.52811,-3.21759,-4.97961
-2.37489,-3.60064,-4.97961
-2.4898,-3.86877,-5.09452
-1.37897,-3.44742,-5.17113
-0.268133,-3.06437,-5.28605
0.306437,-2.33659,-5.36266
0.842703,-1.80032,-4.40504
0.919312,-1.45558,-2.22167
0.995922,-1.14914,-1.03423
0.57457,-0.344742,-0.0383047
0.919312,-0.153219,0.842703
0.766094,-0.421352,1.72371
0.421352,0.306437,2.83455
-0.114914,1.11084,3.79216
-0.0766094,1.53219,5.28605
-0.57457,1.07253,7.43111
-2.25998,0.0383047,9.19312
-2.91116,-0.919312,9.88261
-4.903,-0.881008,10.6104
-4.86469,0.0766094,11.185
-4.71148,1.91523,11.0701
-3.40912,4.71148,11.1084
-0.344742,7.58433,11.3765
2.68133,9.57617,13.5982
3.48573,9.99752,16.0114
1.49388,9.69109,18.4246
-1.72371,9.76769,19.4205
-4.29012,9.76769,20.4164
-5.36266,8.81008,22.5232
-3.17929,9.69109,22.7913
3.14098,15.7432,19.8035
9.95922,20.1866,20.1866
10.189,21.9103,18.8459
8.77177,20.2249,17.4669
3.33251,15.7432,17.1988
-1.11084,10.8785,15.207
-5.17113,7.00976,13.4449
-6.5501,5.36266,13.6365
-6.70332,4.86469,13.33
-5.28605,8.00568,13.1385
0.191523,9.53786,10.6487
0.229828,12.5639,5.40096
-1.26405,12.5639,4.25182
-0.536266,12.2575,4.25182
0.57457,12.7938,6.12875
0.766094,13.9046,6.85654
2.25998,14.1727,7.69924
2.14506,13.6365,8.1972
0.881008,14.0195,7.66094
-0.421352,14.5941,6.58841
-1.11084,14.709,5.7074
-1.11084,14.6707,5.63079
-0.995922,13.9812,6.85654
-0.114914,13.5982,7.66094
0.497961,13.4066,8.00568
0.344742,12.8321,8.84838
0.344742,12.947,9.03991
0.612875,13.0236,8.81008
1.03423,13.6365,8.58025
2.33659,13.2151,8.31211
2.94946,12.4107,8.08229
2.4898,11.2999,7.46941
1.76202,10.3806,7.00976
0.65118,9.46126,6.62671
0.459656,8.73347,7.3928
1.95354,7.92907,8.92499
3.2942,8.00568,10.4955
3.48573,8.50364,10.8402
4.13691,8.84838,10.304
3.14098,9.34634,8.81008
2.71963,9.92091,6.77993
3.48573,10.2273,6.09044
4.25182,10.2273,5.55418
5.24774,9.95922,5.43926
7.12467,9.806,6.01384
7.58433,9.76769,6.5501
8.1972,9.49956,6.39688
8.38873,9.46126,5.32435
7.96737,9.8443,3.94538
6.85654,9.69109,2.03015
5.47757,9.30804,-0.0766094
5.09452,8.31211,-0.344742
5.51587,7.46941,-0.57457
6.32027,7.20128,0.153219
5.97553,5.93723,0.995922
5.63079,4.9413,1.18745
4.9413,4.02199,0.995922
5.13283,3.48573,0.383047
4.903,3.02607,-0.612875
5.09452,2.87285,-1.57049
5.78401,2.71963,-1.76202
7.08637,2.60472,-1.07253
7.23959,2.29828,-0.268133
7.08637,1.34066,0.995922
5.66909,0.421352,2.03015
5.05622,-0.268133,2.56641
4.48165,-0.459656,1.87693
3.14098,-0.766094,0.383047
2.22167,-1.14914,-0.727789
0.344742,-1.57049,-0.766094
-2.71963,-2.79624,-0.306437
-5.82231,-4.32843,2.14506
-5.82231,-5.51587,3.75386
-4.78809,-4.903,5.40096
-4.48165,-4.0603,5.78401
-4.0603,-3.48573,7.77585
-2.87285,-4.25182,11.4914
-1.99184,-5.13283,14.7473
-2.14506,-5.66909,17.3903
-1.45558,-4.74978,17.352
-0.842703,-2.83455,16.1263
-0.153219,-0.995922,14.2493
0.689484,-0.191523,12.4873
-0.0383047,0.0766094,10.4572
-0.65118,-0.268133,10.4189
-1.87693,-0.881008,10.6104
-2.03015,-0.536266,10.8402
0.881008,0.536266,11.5297
3.06437,1.72371,12.0277
8.00568,4.13691,13.4449
11.3382,4.32843,15.6666
8.81008,2.4898,15.6666
5.7457,1.87693,13.4449
5.24774,0.842703,12.6022
1.99184,0.65118,12.6788
-0.153219,1.49388,13.1768
-0.306437,2.37489,14.211
0.0383047,3.02607,14.8622
-0.727789,4.32843,13.9429
-1.22575,4.63487,13.6748
-1.18745,4.86469,13.5599
-0.881008,5.47757,13.6365
-0.383047,7.20128,13.2917
0.727789,9.53786,12.066
0.804398,10.0358,11.568
0.957617,9.806,11.4531
0.919312,9.0016,11.5297
1.26405,8.50364,11.7978
1.34066,8.50364,11.1467
1.76202,8.77177,11.2999
1.49388,9.23143,10.9934
0.344742,8.61855,10.9934
0.229828,6.93315,11.185
-0.727789,6.12875,11.3382
-0.191523,5.43926,10.8785
1.76202,6.47349,9.806
3.75386,7.77585,7.73755
5.97553,8.1589,6.85654
7.73755,8.77177,7.58433
8.1589,8.84838,8.65686
9.0016,8.73347,10.6104
7.92907,8.54194,11.7978
7.46941,8.1972,12.7555
7.66094,8.54194,12.6788
7.58433,9.07821,11.3765
8.69516,9.65278,11.4531
9.15482,9.95922,11.2999
9.42295,9.03991,11.7978
8.96329,8.1589,12.8321
7.43111,6.09044,12.4107
5.97553,5.20944,11.5297
6.01384,5.59248,10.1507
7.16298,6.85654,9.30804
8.00568,7.08637,9.26973
8.31211,6.77993,9.69109
8.61855,6.47349,9.65278
8.58025,7.08637,8.54194
8.46534,8.08229,6.5118
7.27789,8.65686,4.29012
6.24366,8.00568,3.94538
5.86062,7.43111,2.79624
6.39688,8.50364,0.153219
7.66094,10.1124,-2.98777
7.27789,10.4189,-4.82639
7.23959,10.0358,-5.86062
4.71148,8.54194,-4.9413
2.4898,6.97145,-4.48165
0.536266,5.7457,-5.05622
0.268133,5.51587,-4.78809
-0.612875,3.67725,-3.33251
-1.80032,2.64302,-1.6471
-3.67725,2.06845,-1.68541
-5.66909,2.4515,-2.25998
-6.93315,2.4515,-1.91523
-7.66094,2.4515,1.18745
-9.46126,0.612875,8.12059
-10.0358,-2.83455,14.8622
-11.4914,-6.43519,20.1483
-9.57617,-5.97553,18.3479
-6.97145,-2.25998,13.5599
-2.37489,1.18745,10.8019
0.229828,2.71963,11.8361
1.87693,1.68541,15.7815
2.41319,-0.727789,21.5272
6.5501,-2.29828,25.5109
6.39688,-2.10676,25.2811
8.96329,1.80032,22.1784
13.6365,6.12875,18.5778
16.7008,8.69516,15.9347
13.9429,8.61855,15.8581
8.1972,4.40504,19.6886
3.02607,-0.57457,24.2852
0.344742,-3.52403,26.775
-0.0383047,-3.2559,26.0472
2.64302,-0.497961,22.8296
3.79216,3.02607,18.9991
1.76202,3.63894,17.0073
-1.91523,1.80032,18.1564
-3.37081,0.229828,20.6845
-2.60472,-0.114914,22.0252
-2.22167,0,21.0293
-0.0383047,0,19.5737
0.689484,0.0766094,18.3862
0.497961,0.612875,16.3561
-0.383047,0.766094,14.6707
-1.14914,0.689484,12.3341
-1.53219,0.842703,9.88261
-1.6088,0.306437,7.43111
-1.37897,-0.612875,6.77993
-1.34066,-2.03015,5.7074
-1.26405,-2.41319,4.32843
-1.6471,-2.79624,2.33659
-2.18337,-2.68133,-0.881008
-2.98777,-2.75794,-4.21351
-2.79624,-3.2559,-6.77993
-1.37897,-3.21759,-7.81416
0.459656,-2.64302,-8.69516
1.30236,-2.98777,-8.65686
1.22575,-3.37081,-8.61855
0.536266,-3.52403,-9.53786
-0.153219,-3.21759,-10.0741
-1.03423,-2.41319,-10.6487
-0.766094,-1.80032,-10.8019
-0.153219,-0.919312,-10.687
0.536266,-0.0383047,-10.1124
0.153219,-0.57457,-8.50364
-0.995922,-1.07253,-6.62671
-1.83862,-1.34066,-5.17113
-2.22167,-0.804398,-3.79216
-2.14506,0.268133,-2.56641
-1.80032,1.53219,-1.03423
-1.26405,1.95354,1.26405
-0.689484,2.56641,4.0986
-0.191523,3.44742,7.16298
1.68541,3.90708,10.5721
4.32843,4.51995,14.8622
6.62671,4.86469,17.0456
6.28197,5.7457,21.1442
6.32027,4.51995,22.4465
5.13283,4.78809,23.2509
1.6088,4.21351,23.136
2.64302,4.74978,24.5916
4.32843,5.7074,26.5451
6.39688,6.35858,28.5753
7.66094,6.24366,30.797
7.46941,6.16705,32.9037
6.58841,6.05214,33.9763
8.1589,6.32027,34.819
7.96737,6.16705,35.202
7.77585,6.32027,33.6698
7.92907,7.20128,31.3715
6.01384,7.73755,27.8475
4.74978,7.85246,24.4767
3.2559,7.66094,21.872
2.06845,7.31619,20.0333
1.03423,7.04806,18.2713
0.421352,6.77993,16.3944
-0.536266,6.12875,14.9005
-1.45558,5.63079,13.2917
-1.91523,5.28605,11.6829
-2.14506,4.97961,9.92091
-2.29828,4.55826,7.50772
-2.14506,4.29012,4.0986
-1.37897,4.13691,0.114914
-0.804398,3.56234,-3.98369
-0.191523,2.37489,-6.81823
-0.0766094,0.57457,-8.61855
-0.229828,-0.229828,-11.1084
-0.191523,-0.727789,-14.1727
-0.268133,-0.957617,-16.3178
-0.114914,-1.07253,-17.1988
-0.114914,-1.37897,-16.7775
0.268133,-1.83862,-14.7856
1.26405,-2.41319,-12.7555
0.612875,-2.94946,-10.6104
0.114914,-3.40912,-9.0016
0.0766094,-3.2559,-7.96737
0.229828,-2.87285,-6.93315
0.306437,-2.4515,-5.93723
0.957617,-1.72371,-5.28605
1.80032,-1.14914,-3.48573
1.87693,-0.727789,-0.919312
1.91523,-0.0766094,-0.153219
1.72371,0.612875,0.383047
1.11084,1.03423,1.41727
0.766094,1.18745,3.17929
0.497961,1.34066,5.09452
1.18745,2.33659,6.62671
0.57457,3.2559,8.50364
0.65118,3.14098,11.3765
0.57457,2.98777,12.7938
-0.0383047,3.33251,12.6405
-0.421352,3.60064,13.7897
0.57457,3.40912,15.8964
2.71963,3.71555,19.3439
5.43926,4.78809,21.5655
7.23959,4.97961,23.7106
6.85654,5.63079,25.1279
6.43519,5.01791,26.0472
6.16705,4.82639,27.8475
6.39688,4.17521,30.3373
6.39688,3.90708,31.7163
7.08637,3.79216,32.5207
8.46534,4.48165,31.678
8.08229,4.71148,30.2224
6.66501,4.63487,27.8858
5.24774,4.48165,24.898
4.25182,4.29012,22.6764
4.29012,4.67317,20.6462
3.17929,4.32843,19.0374
2.10676,3.56234,17.85
1.72371,3.56234,16.471
1.30236,3.21759,15.2453
1.87693,3.48573,14.326
1.87693,3.67725,13.4833
1.41727,3.17929,12.947
0.344742,2.68133,12.449
0.114914,2.33659,10.2657
-0.153219,2.56641,8.54194
-0.421352,2.37489,6.62671
-0.421352,1.72371,6.24366
-0.919312,1.07253,5.59248
-0.842703,0.689484,4.17521
-0.383047,0.344742,2.56641
-0.114914,-0.114914,0.306437
-0.344742,-0.727789,-2.98777
-0.57457,-1.30236,-5.93723
-0.57457,-1.80032,-8.04398
-0.191523,-2.14506,-8.61855
0.191523,-2.91116,-8.27381
2.87285,-3.21759,-9.19312
2.64302,-3.2942,-10.7253
2.03015,-3.33251,-11.8361
1.6471,-3.48573,-11.7978
1.37897,-3.37081,-11.0701
1.18745,-3.60064,-9.26973
0.919312,-4.0986,-6.85654
1.07253,-3.56234,-4.29012
1.53219,-2.83455,-3.2559
1.6088,-2.71963,-2.10676
1.6471,-2.03015,-1.83862
1.6088,-0.957617,-2.18337
1.22575,-0.0383047,-1.6088
1.53219,0.153219,0.497961
1.53219,0.114914,3.06437
1.45558,0.153219,5.28605
1.41727,0.957617,6.77993
0.881008,1.95354,7.92907
0.153219,1.91523,9.46126
-0.229828,1.72371,10.1124
-0.689484,1.53219,10.9934
-0.842703,1.76202,11.4148
0.114914,2.06845,11.185
0.842703,3.2559,12.7555
0.957617,2.79624,13.5599
1.49388,3.52403,13.9046
0.957617,3.06437,15.1303
2.18337,3.40912,16.5859
2.75794,3.56234,17.85
4.02199,4.21351,19.114
4.55826,4.74978,19.9567
4.71148,4.97961,21.1825
5.28605,5.17113,23.0977
5.36266,4.9413,24.898
5.13283,4.9413,26.5068
5.97553,5.13283,28.4604
7.23959,5.66909,29.9543
7.73755,5.93723,31.4481
7.3545,6.12875,31.6014
6.62671,6.62671,30.2224
5.05622,6.39688,28.8817
3.56234,5.97553,26.5068
2.25998,6.12875,23.2126
2.18337,6.58841,20.6845
1.22575,6.66501,18.3479
0.497961,6.39688,16.7008
0.497961,5.89892,15.59
-0.0766094,5.24774,14.6324
-0.383047,4.78809,12.6788
-0.727789,4.36673,11.7978
-0.497961,4.51995,9.38465
-0.459656,3.86877,8.1589
-0.0383047,4.13691,5.40096
1.53219,4.40504,3.02607
1.68541,4.40504,1.57049
1.53219,3.52403,1.41727
0.727789,2.10676,1.07253
-0.268133,0.612875,0.383047
-0.957617,-0.727789,-0.804398
-2.29828,-1.76202,-3.14098
-2.91116,-2.91116,-5.24774
-2.87285,-3.63894,-6.28197
-2.37489,-4.48165,-7.04806
-1.14914,-4.97961,-8.04398
-0.804398,-5.28605,-9.0016
0.0766094,-4.9413,-9.99752
1.11084,-4.59656,-10.4955
1.91523,-4.51995,-10.5338
1.80032,-4.78809,-9.69109
1.49388,-4.86469,-8.54194
1.41727,-4.71148,-8.46534
1.11084,-4.02199,-7.62263
0.727789,-3.40912,-6.5501
0.114914,-2.71963,-5.82231
-0.344742,-2.14506,-5.05622
-0.344742,-1.53219,-3.60064
0.421352,-0.689484,-1.91523
1.6088,-0.0766094,-0.114914
1.6471,0.766094,1.83862
0.497961,1.49388,3.37081
-0.421352,1.99184,3.83047
-1.30236,2.41319,3.83047
-1.45558,2.4515,5.28605
-2.41319,3.02607,7.58433
-1.91523,3.56234,11.2999
1.26405,5.55418,14.6324
3.14098,5.86062,18.1181
2.79624,5.40096,20.7228
2.29828,4.55826,21.8337
1.72371,4.40504,21.5272
2.22167,4.51995,21.4506
4.48165,6.01384,21.0676
6.85654,7.85246,19.6886
10.0741,8.84838,20.5696
10.8402,9.72939,21.7188
13.3683,10.4189,22.4082
13.0619,10.1507,23.4042
11.2233,9.72939,22.7913
9.26973,9.19312,21.1059
7.04806,8.50364,20.4164
6.5501,8.23551,19.2673
6.16705,8.00568,18.6161
5.13283,7.77585,18.1947
5.20944,7.66094,17.5818
3.37081,6.62671,17.5818
2.18337,5.82231,16.9307
0.766094,4.86469,15.8198
0.383047,4.48165,14.4792
-0.153219,4.29012,12.8704
0.612875,4.0603,12.6788
0.766094,3.75386,12.4107
0.536266,3.21759,12.1426
0,2.29828,12.2958
-3.63894,0.995922,11.8745
-7.00976,-0.153219,10.5338
-8.81008,-1.76202,10.2657
-10.2273,-4.0986,11.2999
-11.5297,-5.28605,11.3765
-12.8704,-5.55418,10.0358
-13.4833,-5.93723,8.88668
-12.8321,-6.32027,7.92907
-13.1768,-7.00976,7.62263
-13.2534,-7.12467,7.3928
-13.1385,-6.85654,6.66501
-12.449,-6.39688,5.82231
-12.6405,-5.20944,3.94538
-13.2917,-5.01791,3.52403
-12.9087,-4.82639,3.10268
-13.0236,-4.0986,2.4898
-11.4148,-2.71963,1.34066
-9.99752,-1.57049,0.114914
-8.84838,-1.22575,-1.07253
-7.89076,-0.766094,-1.76202
-7.46941,-0.459656,-2.56641
-6.47349,-0.612875,-2.33659
-6.47349,-0.766094,-2.71963
-6.85654,-0.919312,-2.4515
-6.32027,-0.268133,-1.49388
-5.17113,0.383047,-0.0766094
-3.90708,1.14914,1.26405
-3.2559,1.30236,2.29828
-2.91116,2.22167,2.4898
-1.14914,3.02607,2.29828
1.53219,2.91116,4.67317
3.83047,3.02607,6.85654
4.32843,3.10268,7.23959
5.47757,4.55826,5.93723
7.31619,6.16705,6.58841
9.07821,6.28197,9.806
9.92091,5.40096,13.5599
9.8443,4.59656,15.3985
9.03991,4.0986,13.828
7.85246,5.05622,10.9551
7.92907,6.35858,10.4572
8.27381,7.00976,12.9853
8.69516,7.23959,16.0114
9.11651,7.00976,18.3096
10.5721,7.62263,18.9608
11.1467,8.04398,18.5012
11.3382,8.50364,18.1564
11.2999,8.84838,18.4246
11.0318,9.0016,18.2713
10.9934,8.92499,18.4629
10.6104,8.77177,18.6161
10.5338,8.46534,18.5395
10.8785,8.50364,17.8883
10.7253,8.31211,16.8541
10.3806,8.04398,15.9731
9.99752,8.23551,14.0578
8.88668,8.08229,12.6788
8.00568,7.77585,11.9128
6.62671,7.3928,11.4148
5.47757,6.85654,11.6829
4.97961,6.74162,11.0318
4.903,6.74162,10.3806
4.74978,6.89484,9.99752
4.82639,7.00976,9.88261
3.90708,6.93315,9.8443
2.4898,6.85654,8.54194
0.57457,6.39688,8.42703
-0.536266,6.01384,6.77993
-0.842703,5.55418,5.51587
-1.80032,5.05622,5.05622
-1.91523,4.44334,5.93723
-2.98777,4.48165,7.23959
-3.33251,2.83455,8.23551
-4.36673,3.48573,7.77585
-4.78809,4.55826,6.39688
-6.74162,4.59656,4.48165
-12.1426,2.68133,3.21759
-16.4327,-0.459656,4.48165
-19.8801,-3.40912,6.85654
-20.2249,-5.63079,8.92499
-21.6805,-8.69516,10.2273
-23.9787,-10.5721,10.6104
-25.013,-11.6063,9.0016
-24.5533,-12.1426,7.54602
-22.753,-11.2999,7.96737
-20.3398,-10.1124,8.81008
-19.8418,-9.26973,8.92499
-17.0456,-8.1972,8.23551
-16.088,-7.58433,7.46941
-17.352,-7.3928,8.27381
-17.4286,-6.12875,9.26973
-15.6283,-4.0986,9.99752
-13.6365,-2.10676,10.6487
-12.066,-0.65118,11.2616
-9.95922,0.383047,10.9168
-7.96737,1.26405,9.88261
-6.81823,1.41727,9.03991
-5.32435,1.99184,7.3928
-3.10268,3.40912,6.01384
-0.919312,4.67317,6.35858
-0.65118,4.74978,8.23551
-0.191523,4.86469,9.42295
-0.344742,5.66909,7.92907
-0.229828,6.70332,4.63487
-0.268133,8.54194,2.37489
3.63894,9.61448,3.10268
6.20536,9.61448,5.86062
7.54602,9.53786,8.65686
9.11651,9.46126,11.2999
11.0701,10.6487,11.6829
12.2958,12.3724,10.1124
13.828,13.4066,10.0741
15.092,13.7131,11.2233
16.5859,13.5216,12.2192
17.7734,13.4066,13.5216
18.0798,13.6748,14.6324
20.2632,13.5982,15.2453
22.2167,13.7514,14.0961
21.872,13.7514,13.2151
20.5696,13.2534,12.2192
19.6886,12.5639,11.6829
17.7734,11.1467,11.3765
17.4286,10.189,10.4955
15.4368,10.1507,10.2273
13.9046,10.1124,9.26973
12.9087,10.3423,8.31211
11.9894,10.0741,8.77177
10.1124,9.76769,9.30804
8.69516,9.03991,9.03991
8.31211,8.50364,8.54194
6.12875,8.08229,7.69924
4.40504,8.23551,6.74162
3.63894,8.35042,6.20536
1.91523,8.50364,6.32027
0.114914,8.23551,7.27789
-1.18745,8.54194,7.66094
-2.68133,8.77177,6.62671
-5.01791,8.77177,5.01791
-6.5501,8.42703,4.13691
-8.69516,7.73755,4.0986
-10.189,6.28197,5.7074
-10.8785,5.20944,7.08637
-11.9128,3.52403,7.81416
-14.0578,1.11084,8.50364
-16.8158,-1.26405,9.8443
-17.5052,-3.67725,9.99752
-17.8117,-6.12875,10.189
-18.1564,-8.08229,10.2273
-18.3096,-8.58025,10.8402
-18.3479,-8.38873,10.304
-16.8924,-9.30804,10.0358
-15.8581,-9.07821,10.7253
-13.5216,-8.81008,12.1809
-13.4833,-9.42295,13.5216
-13.7897,-8.42703,11.9894
-13.9812,-6.74162,10.5721
-14.8239,-6.09044,9.61448
-14.9005,-5.20944,9.53786
-14.8622,-3.98369,9.61448
-14.4026,-2.83455,9.57617
-14.1344,-0.804398,10.1124
-12.9087,0.612875,10.2273
-9.806,1.95354,11.1084
-9.61448,2.4515,10.3806
-9.03991,3.17929,9.42295
-6.70332,4.86469,8.65686
-3.44742,6.35858,8.50364
-2.79624,5.78401,9.65278
-1.18745,5.05622,9.38465
-1.76202,5.36266,8.1972
-0.268133,7.46941,5.63079
3.56234,9.65278,3.90708
6.5118,9.0016,4.0986
7.96737,9.26973,5.09452
8.08229,8.1972,6.28197
7.12467,8.88668,4.86469
6.28197,9.92091,3.33251
6.20536,10.8402,2.33659
6.20536,11.3765,2.94946
6.58841,11.1467,4.97961
7.27789,10.7253,6.77993
8.92499,10.2657,8.73347
11.2233,10.9168,9.8443
13.4449,12.9087,8.42703
14.7473,14.0578,7.43111
15.092,14.8239,6.89484
16.1646,14.1344,7.58433
16.5476,13.2151,9.34634
17.3137,12.6022,10.8785
18.5012,12.066,12.3341
19.3822,12.2192,12.6022
19.1906,12.8704,10.687
18.1181,13.4066,8.96329
16.2795,13.1385,7.73755
13.6748,12.6405,6.93315
10.8785,12.0277,5.97553
8.81008,11.1467,5.28605
7.73755,10.8019,4.32843
7.58433,10.8019,3.48573
7.62263,10.8402,3.2559
7.81416,11.0318,3.40912
7.92907,10.8785,3.94538
6.77993,10.6104,5.01791
4.74978,9.88261,6.32027
2.79624,9.72939,6.89484
1.87693,9.49956,6.62671
1.80032,9.42295,6.35858
2.64302,9.95922,6.77993
3.60064,10.5338,7.16298
3.86877,11.1467,8.04398
3.52403,11.2233,9.34634
-1.6088,10.0358,10.0358
-5.7074,9.15482,8.23551
-8.38873,8.38873,5.20944
-8.54194,8.08229,2.75794
-9.76769,7.12467,0.957617
-10.4189,5.82231,0.57457
-14.0195,3.2559,1.11084
-19.6886,0.153219,2.52811
-19.7652,-1.45558,5.51587
-19.1906,-4.17521,8.42703
-20.0333,-7.3545,11.568
-19.7652,-8.65686,14.1344
-18.4629,-10.1507,17.1222
-17.85,-11.4531,19.4588
-15.207,-10.2273,17.8883
-13.828,-8.1589,14.6324
-13.6748,-7.3928,12.1809
-13.33,-6.43519,10.3423
-14.211,-5.93723,10.1124
-14.4792,-5.47757,10.6104
-14.4792,-3.86877,10.1124
-14.9771,-2.4515,9.15482
-13.7514,-0.57457,8.96329
-12.4873,0.727789,8.88668
-12.1426,1.6088,8.38873
-10.8785,2.91116,7.00976
-8.38873,4.63487,6.66501
-6.62671,5.24774,7.20128
-5.86062,5.05622,8.23551
-4.0603,4.40504,9.806
-1.30236,4.63487,9.23143
0.727789,4.67317,8.38873
0.995922,5.55418,8.1589
0.612875,6.47349,7.73755
0.383047,6.39688,9.15482
0.0766094,5.93723,10.7253
0.0766094,5.66909,11.5297
2.56641,6.62671,10.3806
5.36266,8.08229,8.50364
7.31619,8.27381,7.81416
6.81823,7.3928,8.31211
5.97553,6.89484,9.38465
6.05214,7.77585,10.0741
7.08637,7.92907,11.2233
9.03991,7.96737,12.6788
9.65278,7.89076,12.4107
9.95922,7.58433,11.2999
10.0358,7.62263,9.99752
10.1507,7.85246,8.04398
9.15482,8.08229,6.93315
8.38873,8.1589,5.93723
8.92499,7.92907,5.05622
9.03991,7.46941,5.17113
8.61855,6.5501,6.24366
7.77585,5.63079,6.89484
6.93315,5.05622,6.74162
6.24366,4.97961,5.89892
6.09044,4.59656,4.97961
4.63487,4.51995,3.63894
4.82639,4.74978,1.91523
6.39688,5.05622,0.881008
7.89076,5.47757,0.881008
7.16298,4.63487,2.64302
5.01791,4.0603,4.55826
1.45558,2.87285,6.97145
-1.57049,1.72371,7.20128
-2.52811,1.53219,6.09044
-2.68133,2.56641,3.98369
-1.37897,4.55826,2.22167
1.91523,7.3928,3.37081
3.40912,8.58025,8.81008
2.41319,8.1589,15.2836
0.459656,8.38873,18.731
-0.842703,8.50364,21.2208
-1.14914,9.34634,20.9527
-1.45558,10.4189,20.2249
1.6471,12.1043,18.0798
5.05622,12.7555,17.352
7.3928,14.1344,15.9731
5.82231,13.1385,16.5476
2.64302,11.6446,16.4327
-1.37897,10.4955,14.1727
-4.59656,8.73347,15.8964
-4.9413,7.96737,13.9046
-3.52403,8.31211,12.6405
-2.87285,8.23551,11.3382
0.497961,9.46126,12.7938
1.41727,8.88668,13.4833
-1.99184,8.12059,14.4026
-5.43926,7.89076,13.8663
-8.69516,7.92907,13.9046
-9.99752,7.62263,13.7897
-10.687,6.47349,13.828
-10.3806,4.9413,14.5941
-9.69109,3.75386,15.6666
-10.3423,2.22167,15.0537
-11.2233,1.03423,13.8663
-11.9128,0.459656,11.4531
-12.1043,0,8.84838
-12.3724,-0.383047,8.27381
-12.1809,-0.881008,7.58433
-11.6063,-0.57457,7.31619
-8.73347,-1.49388,8.31211
-7.77585,-2.75794,10.3423
-6.28197,-3.02607,11.8361
-4.71148,-2.4898,11.6063
-3.63894,-1.91523,10.1124
-3.44742,-1.18745,8.38873
-2.94946,-1.07253,6.47349
-4.40504,-2.14506,6.16705
-6.05214,-2.98777,6.47349
-6.70332,-2.87285,5.66909
-6.09044,-2.52811,4.17521
-6.43519,-3.02607,3.79216
-6.5118,-3.67725,4.0986
-6.09044,-3.83047,3.52403
-4.13691,-3.2942,1.91523
-2.25998,-2.68133,0.153219
-2.06845,-2.71963,-0.766094
-1.41727,-3.2942,-1.14914
-2.25998,-3.83047,-0.65118
-3.52403,-4.29012,0.268133
-4.32843,-4.02199,1.18745
-4.25182,-3.94538,1.22575
-2.64302,-3.2942,1.41727
-0.57457,-3.37081,1.14914
3.17929,-2.4515,0.612875
7.66094,-0.919312,-0.497961
9.61448,-0.65118,-1.41727
9.8443,-1.80032,0.459656
8.42703,-3.06437,2.03015
6.66501,-4.0603,3.79216
5.63079,-4.32843,4.36673
6.35858,-3.40912,2.94946
9.69109,-2.41319,1.57049
12.7172,-1.18745,1.76202
14.1727,-1.11084,3.02607
13.7897,-1.34066,4.48165
13.3683,-1.34066,5.89892
13.4066,-1.68541,6.20536
13.0619,-1.83862,6.93315
13.1002,-1.6088,6.32027
12.6022,-1.34066,5.78401
12.1426,-0.727789,4.55826
12.3341,-0.0383047,3.86877
12.7555,0,3.75386
13.3683,-0.421352,4.9413
13.1002,-0.919312,5.66909
12.7172,-0.766094,5.13283
12.9087,-0.0766094,3.94538
12.5639,0.114914,3.83047
12.1043,-0.0383047,2.94946
12.0277,-0.229828,3.52403
11.4914,-0.0383047,3.10268
10.189,-0.268133,2.68133
9.65278,-0.268133,2.03015
8.35042,0.268133,0.306437
6.77993,0.919312,-0.995922
4.903,0.727789,-2.29828
2.4515,0.114914,-2.37489
0.497961,-0.804398,-1.57049
-1.07253,-1.53219,-0.612875
-2.79624,-2.03015,-0.0383047
-3.44742,-2.14506,-0.0766094
-3.56234,-2.29828,0.842703
-3.44742,-2.03015,1.68541
-2.87285,-2.52811,2.94946
-3.48573,-2.87285,4.21351
-4.29012,-3.56234,5.36266
-5.24774,-4.17521,6.32027
-6.01384,-4.82639,8.08229
-6.20536,-5.47757,9.07821
-7.20128,-5.66909,9.8443
-6.58841,-5.66909,10.687
-5.7074,-5.59248,11.1084
-5.20944,-5.28605,10.5338
-5.28605,-4.82639,9.30804
-4.51995,-4.0603,9.03991
-3.86877,-3.10268,9.03991
-3.83047,-2.79624,10.189
-2.87285,-2.06845,11.3765
-2.06845,-1.11084,11.4914
-1.57049,-0.497961,12.3341
0.153219,-0.421352,13.5599
0.421352,-0.344742,15.207
1.30236,0.306437,15.7432
1.26405,1.45558,14.5941
0.842703,2.52811,12.3724
-0.995922,3.10268,11.0701
-1.45558,3.86877,11.1084
-0.919312,5.7457,12.6405
2.94946,7.73755,13.9046
5.05622,9.26973,14.8622
6.20536,10.189,14.8622
6.43519,11.4531,14.1344
6.5501,12.3724,13.7897
7.89076,12.3341,14.0578
8.42703,11.7595,14.4792
7.08637,12.3341,14.8622
5.82231,11.9894,15.1687
6.62671,11.9894,14.4792
8.77177,12.8704,12.7172
8.1972,11.7978,11.8361
5.40096,9.88261,11.1467
2.71963,8.31211,11.7978
0.995922,6.5501,11.6063
1.07253,6.32027,12.2192
2.71963,7.31619,10.0358
3.02607,7.43111,9.0016
5.01791,7.62263,7.92907
7.43111,7.00976,8.08229
6.58841,6.12875,8.88668
6.09044,5.51587,9.61448
5.86062,5.05622,9.61448
7.12467,5.7457,8.92499
7.69924,6.74162,7.54602
9.23143,7.77585,6.77993
10.3423,8.31211,6.5501
10.3423,8.12059,7.3928
10.3423,7.85246,7.73755
9.38465,7.3545,8.69516
7.92907,7.50772,8.77177
8.65686,8.08229,8.69516
9.99752,9.19312,9.42295
12.8704,11.4148,8.38873
14.709,12.6788,7.66094
16.2029,12.6022,8.23551
16.3178,11.6829,7.81416
15.1303,10.8402,7.69924
12.1043,10.0741,7.23959
10.1507,9.30804,6.12875
9.38465,8.31211,5.7457
9.46126,8.54194,4.63487
9.49956,9.0016,3.60064
9.88261,10.0358,1.6471
9.76769,10.4189,0.268133
7.85246,9.88261,-1.07253
4.63487,8.54194,-1.53219
2.33659,6.28197,-1.22575
2.41319,4.02199,-1.45558
0.881008,2.60472,-1.22575
3.52403,3.60064,-1.83862
3.71555,3.71555,-1.6471
3.02607,3.17929,-0.804398
1.83862,1.30236,0.804398
0.995922,0.114914,2.56641
0.268133,-0.881008,3.21759
-1.45558,-1.99184,2.52811
-4.13691,-2.94946,0.727789
-7.54602,-4.44334,-0.995922
-9.53786,-5.43926,-1.22575
-9.99752,-6.89484,-0.344742
-11.0701,-7.92907,2.22167
-9.65278,-9.57617,6.05214
-7.08637,-8.1972,5.7074
-4.86469,-7.50772,6.32027
-4.29012,-8.81008,10.1124
-5.09452,-10.1507,13.0619
-6.35858,-11.1084,13.2151
-6.58841,-11.0318,11.3765
-5.7457,-10.3806,9.806
-4.36673,-9.99752,9.49956
-3.90708,-9.49956,9.38465
-2.52811,-8.92499,9.26973
-1.83862,-8.77177,8.92499
-1.83862,-8.92499,8.23551
-2.10676,-9.07821,7.46941
-2.64302,-8.84838,6.77993
-2.41319,-8.54194,7.3545
-3.02607,-8.50364,8.50364
-2.68133,-8.65686,9.61448
-2.25998,-8.81008,10.4572
-1.99184,-9.03991,11.2616
-2.03015,-9.11651,10.9168
-2.03015,-8.69516,10.2657
-2.71963,-8.96329,9.69109
-3.63894,-9.11651,9.38465
-3.98369,-9.0016,8.46534
-4.0603,-9.30804,8.08229
-4.44334,-9.0016,8.54194
-4.36673,-8.61855,8.54194
-3.37081,-7.23959,7.50772
-3.52403,-6.39688,5.86062
-3.67725,-5.93723,5.05622
-3.48573,-5.55418,3.94538
-2.29828,-5.36266,3.60064
-2.18337,-5.09452,2.22167
-1.37897,-4.44334,1.6088
-0.957617,-3.86877,1.07253
-0.153219,-2.41319,0.153219
1.26405,-0.65118,-0.536266
3.06437,-0.306437,-0.153219
4.21351,-0.727789,1.26405
4.97961,-0.153219,2.10676
5.59248,0.153219,2.25998
5.36266,0.766094,2.60472
5.86062,1.95354,3.40912
6.12875,1.72371,5.51587
6.05214,0.804398,7.04806
5.01791,0.229828,6.97145
4.21351,0.459656,4.903
4.29012,0.919312,2.64302
5.66909,2.18337,0.766094
7.89076,3.44742,0.383047
9.53786,4.21351,1.57049
9.11651,3.2559,2.98777
8.58025,2.60472,3.14098
8.46534,2.83455,3.40912
8.42703,4.0603,2.83455
8.61855,4.82639,3.06437
8.58025,5.93723,3.86877
7.23959,6.77993,4.48165
7.20128,6.32027,5.66909
7.92907,7.43111,9.69109
8.61855,6.39688,15.3985
9.76769,5.51587,18.3479
10.0741,6.05214,17.0839
9.69109,7.16298,14.5941
8.04398,7.20128,11.3382
6.16705,6.85654,8.58025
5.78401,6.39688,7.20128
4.44334,6.28197,6.24366
3.90708,5.20944,6.24366
4.40504,5.86062,6.28197
4.21351,6.58841,6.47349
3.2559,6.35858,8.00568
2.37489,6.24366,9.23143
1.30236,6.16705,10.7253
1.6471,6.35858,12.3724
1.83862,6.5118,13.0619
2.03015,7.31619,15.207
2.10676,7.31619,15.9347
0.536266,7.69924,15.59
-0.497961,8.1589,14.7856
-1.53219,8.42703,14.5941
-3.10268,8.35042,14.4792
-4.59656,7.92907,14.9771
-4.48165,8.77177,14.8622
-4.02199,9.806,13.9046
-3.21759,10.7636,13.2917
-4.29012,10.2657,14.0195
-5.66909,9.49956,15.7049
-6.09044,9.42295,16.8541
-8.65686,9.0016,17.2754
-7.73755,9.19312,16.3944
-6.28197,9.19312,15.3602
-4.40504,7.20128,17.352
-3.79216,6.5118,17.2371
-3.63894,6.28197,16.8541
-4.25182,6.05214,15.7815
-6.12875,5.78401,14.326
-6.05214,5.09452,13.9812
-6.81823,3.98369,14.4409
-7.73755,4.02199,13.9046
-7.46941,4.21351,11.7595
-7.54602,3.10268,11.0318
-8.88668,2.10676,9.8443
-8.54194,0.57457,10.1124
-8.46534,-0.268133,10.5338
-8.65686,-0.727789,11.8361
-7.58433,-0.65118,13.2534
-5.66909,-0.191523,13.2917
-5.09452,0.114914,12.8321
-5.01791,0.0383047,11.8361
-5.36266,-0.0383047,10.1124
-5.32435,-0.229828,8.31211
-5.17113,-0.957617,6.5501
-4.40504,-1.49388,5.51587
-3.56234,-1.26405,4.29012
-3.17929,-0.65118,3.94538
-3.17929,-1.37897,2.25998
-2.33659,-0.0766094,-0.306437
-2.83455,-0.919312,-1.6088
-3.21759,-2.4898,-0.804398
-2.18337,-3.44742,0.0766094
0.421352,-3.17929,-0.114914
3.10268,-2.94946,-0.0766094
4.51995,-2.37489,-0.497961
6.12875,-2.29828,-0.536266
6.24366,-2.71963,-0.421352
6.16705,-3.10268,-0.306437
6.5501,-3.06437,-0.0766094
6.62671,-3.21759,-0.421352
7.43111,-2.98777,-0.804398
9.19312,-2.18337,-1.72371
9.806,-1.91523,-2.41319
12.6405,-2.10676,-3.02607
12.2575,-2.91116,-3.79216
11.1467,-3.67725,-3.40912
10.304,-3.79216,-2.14506
9.49956,-4.25182,-0.804398
9.03991,-4.29012,0.191523
8.92499,-3.90708,0.268133
9.15482,-3.17929,0.459656
9.46126,-3.2942,0.804398
9.07821,-3.52403,1.41727
8.84838,-3.79216,1.91523
9.46126,-3.56234,1.49388
11.5297,-3.06437,0.268133
12.449,-3.14098,0.229828
13.4066,-2.79624,0.229828
13.2534,-2.98777,0.65118
13.2534,-2.94946,0.727789
13.4449,-2.98777,0.689484
12.8704,-2.98777,0
11.9128,-2.64302,-0.57457
10.6487,-2.75794,-0.421352
9.99752,-2.18337,-0.919312
9.88261,-2.14506,-0.689484
9.0016,-2.33659,-0.0383047
7.12467,-2.79624,0.957617
6.39688,-2.75794,2.06845
6.01384,-2.79624,2.87285
5.28605,-2.71963,2.94946
4.903,-2.14506,2.41319
4.0603,-1.45558,1.30236
2.4515,-0.881008,1.49388
1.6471,-0.459656,2.03015
1.34066,-0.191523,3.79216
1.6471,0,4.78809
0.842703,-0.153219,5.43926
0.536266,-0.65118,5.51587
-1.22575,-2.25998,5.7457
-3.10268,-2.4515,7.62263
-3.2942,-3.67725,9.03991
-2.64302,-4.25182,10.0358
-2.29828,-4.44334,10.5721
-1.57049,-4.86469,12.1426
-2.10676,-4.86469,13.0619
-2.60472,-6.20536,14.0195
-3.2559,-6.93315,15.5517
-4.25182,-8.92499,16.7008
-5.36266,-9.806,17.5052
-5.40096,-10.0741,18.4629
-4.40504,-9.61448,18.8076
-0.804398,-8.73347,19.229
0.766094,-8.04398,19.1906
0.344742,-7.3545,18.4629
-2.25998,-7.04806,17.0456
-4.21351,-7.16298,16.1646
-4.67317,-7.20128,15.6666
-7.46941,-6.20536,14.2493
-7.46941,-3.94538,11.9511
-6.32027,-2.56641,10.8785
-2.91116,-0.842703,11.7978
2.03015,0.842703,12.2575
5.28605,1.11084,12.449
4.86469,-0.421352,12.4873
0.65118,-1.68541,9.99752
0.229828,-2.06845,8.12059
1.99184,-2.83455,6.39688
3.75386,-3.44742,6.05214
4.86469,-3.14098,5.43926
6.39688,-1.49388,4.40504
6.35858,-1.14914,3.63894
5.24774,-1.80032,3.94538
4.78809,-1.45558,3.37081
4.59656,-0.727789,2.83455
4.36673,0.114914,3.06437
4.21351,1.34066,3.14098
4.86469,2.98777,2.94946
7.50772,3.79216,3.56234
8.23551,3.21759,4.63487
8.12059,1.99184,5.78401
8.08229,1.76202,6.35858
7.69924,2.10676,6.28197
7.08637,3.14098,5.7457
7.96737,4.82639,5.09452
9.11651,5.89892,4.78809
9.38465,5.97553,4.44334
9.42295,5.20944,4.25182
9.34634,3.48573,4.63487
7.69924,2.29828,6.5118
5.93723,1.76202,8.00568
5.51587,1.6471,9.15482
7.08637,2.71963,9.0016
8.92499,2.33659,7.73755
9.76769,0.842703,7.23959
8.69516,-0.191523,7.00976
7.3928,-0.344742,9.0016
5.97553,0.344742,9.46126
5.66909,0.153219,10.0358
4.32843,-0.114914,10.5338
6.09044,0.804398,10.189
8.84838,1.14914,10.6487
8.1972,-0.689484,11.7595
5.28605,-4.44334,13.0619
3.2942,-7.46941,13.2917
2.83455,-10.1124,14.1344
5.24774,-9.92091,12.1809
11.8361,-8.08229,7.81416
18.0798,-6.05214,5.13283
18.8842,-7.04806,5.24774
16.8541,-9.99752,7.77585
5.28605,-11.6446,10.3806
1.72371,-11.5297,11.3765
1.49388,-9.46126,10.4572
2.83455,-7.23959,9.46126
3.10268,-6.97145,9.95922
4.48165,-7.12467,11.9511
4.51995,-7.89076,13.9812
4.82639,-8.65686,15.6666
5.32435,-8.96329,15.0154
5.43926,-8.54194,12.8321
4.9413,-8.1972,10.189
4.67317,-7.20128,7.50772
5.55418,-6.35858,5.43926
5.47757,-5.7457,5.05622
4.82639,-5.93723,6.93315
3.94538,-6.58841,9.46126
3.86877,-7.00976,11.9511
3.44742,-6.74162,11.2999
3.40912,-4.9413,7.81416
2.64302,-2.4515,2.68133
1.49388,-0.57457,-1.49388
0.957617,0.0766094,-0.957617
1.03423,-0.114914,2.83455
1.95354,-0.612875,8.77177
3.2942,-0.497961,12.7172
2.60472,0.689484,11.7595
1.57049,3.14098,8.61855
2.75794,7.50772,4.02199
1.80032,10.8019,-2.4515
0.766094,13.1002,-4.02199
-0.0766094,13.5216,-1.49388
-1.30236,12.1809,3.90708
-1.87693,10.2273,9.72939
-1.76202,8.81008,14.2876
-1.41727,9.57617,16.2795
0.0766094,10.8785,15.1303
1.95354,11.2616,13.4449
0.766094,9.19312,13.2917
-1.68541,6.24366,13.7131
-1.99184,4.9413,13.9429
1.11084,7.20128,11.9894
3.33251,9.11651,10.5338
3.67725,9.72939,10.3423
5.01791,9.42295,8.61855
3.75386,8.88668,6.81823
0.919312,7.54602,5.36266
-0.689484,6.89484,5.43926
-1.34066,6.43519,6.93315
0.0766094,6.74162,7.89076
4.78809,6.74162,7.31619
7.08637,7.62263,7.08637
5.13283,4.74978,6.05214
1.53219,3.06437,8.1589
0.842703,1.14914,10.0741
-0.881008,0.919312,11.6063
1.26405,2.4898,10.8019
3.14098,3.2942,9.42295
6.35858,3.79216,9.23143
8.92499,3.67725,9.65278
7.77585,2.83455,9.30804
4.903,1.34066,9.8443
2.22167,0.689484,11.2616
0.995922,-0.191523,12.6788
0.919312,-1.11084,12.947
1.11084,-1.91523,12.1426
2.25998,-2.33659,10.7253
3.21759,-3.48573,10.7636
2.68133,-6.81823,10.9934
3.14098,-10.7636,12.0277
5.17113,-14.2493,12.449
9.61448,-13.7897,10.9551
13.9046,-12.1426,4.21351
15.4751,-10.1124,1.6088
11.4914,-9.76769,1.41727
10.3423,-10.0741,4.55826
3.2942,-10.4189,8.31211
-2.29828,-10.2657,11.4531
-0.536266,-9.23143,12.6022
1.14914,-7.85246,11.8361
1.11084,-6.81823,10.2273
1.07253,-6.05214,10.2273
0.766094,-5.63079,10.2657
1.37897,-5.43926,10.4955
2.79624,-4.67317,9.69109
3.71555,-3.90708,9.806
4.0603,-3.56234,10.4189
5.63079,-2.29828,11.568
5.7457,-1.68541,11.8745
3.33251,-1.6471,11.6063
1.72371,-2.52811,12.1809
1.11084,-2.4898,10.4572
0.383047,-1.83862,9.49956
0.114914,-0.612875,8.58025
-1.37897,0.114914,8.58025
0.383047,1.95354,8.77177
1.72371,1.57049,8.81008
3.33251,2.64302,9.57617
3.83047,2.29828,10.0741
2.79624,3.14098,9.15482
2.41319,4.59656,7.43111
1.11084,6.01384,3.56234
-0.65118,8.1972,0.306437
0.306437,9.806,-0.459656
2.33659,11.1467,0.881008
2.41319,11.7978,3.98369
0.689484,11.185,7.62263
-1.91523,10.2273,10.189
-3.14098,10.0358,11.9511
-3.2942,8.50364,12.4873
-1.41727,8.84838,13.7897
0.612875,7.77585,13.8663
0.995922,6.5118,13.9429
1.57049,6.35858,13.1385
2.03015,6.39688,12.0277
1.91523,6.70332,10.1507
1.30236,6.47349,9.23143
0.57457,6.70332,7.27789
-0.421352,6.62671,6.39688
-0.65118,6.32027,6.05214
-0.881008,6.16705,6.43519
1.37897,6.35858,7.50772
4.903,6.39688,8.35042
3.90708,5.05622,8.50364
2.56641,3.67725,8.42703
1.18745,2.41319,9.26973
0.0383047,2.22167,8.69516
0.268133,2.37489,6.93315
1.83862,2.4898,6.16705
2.52811,2.33659,7.04806
3.75386,2.10676,8.81008
4.25182,1.6088,10.304
3.98369,1.57049,10.5338
3.60064,1.03423,10.5721
3.06437,0.57457,9.76769
2.41319,-0.268133,9.76769
2.18337,-0.536266,9.92091
2.03015,-0.727789,10.4955
2.03015,-0.65118,11.1084
4.55826,-0.344742,11.185
5.7074,0.0383047,9.61448
5.89892,-0.0766094,8.12059
4.67317,-0.995922,8.77177
2.41319,-3.02607,9.57617
1.76202,-4.71148,11.6829
0.153219,-6.43519,12.947
2.03015,-6.47349,12.5256
4.55826,-5.97553,11.4914
7.08637,-5.51587,9.49956
7.66094,-5.78401,8.38873
5.86062,-6.74162,6.93315
3.86877,-7.77585,7.00976
2.22167,-8.1972,7.00976
2.52811,-7.96737,7.54602
2.87285,-7.20128,8.12059
5.32435,-6.5501,8.42703
6.01384,-6.32027,9.0016
3.83047,-6.70332,9.61448
1.80032,-7.08637,9.69109
1.14914,-6.66501,9.72939
1.72371,-5.55418,9.15482
3.33251,-3.94538,8.31211
4.32843,-3.14098,7.77585
4.903,-2.18337,7.92907
3.98369,-2.29828,9.30804
3.10268,-2.60472,11.0318
2.4515,-2.98777,12.5639
2.22167,-2.79624,13.0619
3.14098,-2.41319,12.7172
3.71555,-1.6088,11.0701
4.71148,-0.65118,9.07821
4.44334,-0.421352,7.66094
4.17521,-0.459656,6.97145
2.83455,-0.842703,7.3545
0.497961,-1.11084,8.77177
0.191523,-1.6471,9.88261
1.26405,-1.57049,10.9551
3.37081,-0.65118,9.8443
4.44334,0.153219,8.50364
3.90708,1.22575,6.62671
3.75386,2.4898,5.89892
2.83455,3.37081,5.24774
1.26405,3.94538,5.17113
0.0383047,3.90708,6.47349
-0.57457,3.52403,8.61855
-0.612875,4.0986,9.23143
-0.229828,4.63487,9.30804
0,5.13283,8.1972
-0.0383047,6.77993,6.97145
-0.497961,7.92907,5.05622
-2.64302,8.04398,6.05214
-2.75794,8.31211,8.61855
-2.14506,8.1589,10.9934
-2.06845,7.04806,13.2917
-2.14506,6.5501,14.7473
-1.6088,6.70332,14.5558
-0.344742,6.5501,14.2876
0.153219,6.66501,12.7555
0.421352,6.74162,10.8402
0.383047,7.00976,9.65278
0.306437,6.66501,9.07821
-0.727789,5.66909,9.88261
-1.53219,4.903,10.304
-1.83862,5.05622,10.8019
-0.536266,5.66909,10.304
0.344742,5.97553,9.19312
0.65118,6.5501,7.81416
3.17929,5.82231,6.20536
2.4515,4.44334,6.16705
1.03423,2.98777,6.77993
0,1.76202,7.73755
-0.57457,1.30236,8.46534
-0.0383047,1.80032,7.16298
1.22575,2.33659,6.35858
2.94946,1.49388,6.35858
3.79216,0.306437,6.74162
3.67725,-0.383047,8.12059
2.98777,-1.07253,8.27381
2.60472,-1.91523,8.58025
1.68541,-1.87693,8.65686
1.80032,-1.53219,7.62263
2.91116,-1.76202,7.00976
5.05622,-1.30236,6.28197
5.7457,-0.957617,4.63487
5.7074,-1.6088,4.903
5.13283,-2.64302,5.32435
4.71148,-3.44742,5.13283
0.459656,-4.40504,5.82231
-0.842703,-3.83047,6.5501
-1.18745,-3.10268,7.08637
0.804398,-2.22167,8.73347
3.14098,-1.53219,9.57617
4.51995,-0.842703,10.4572
3.98369,-0.421352,10.3423
1.87693,-0.727789,12.066
-0.766094,-0.612875,13.7897
-2.52811,-0.0383047,15.6666
-2.83455,1.34066,16.7008
-1.83862,3.2559,16.7775
-0.65118,4.17521,16.6242
-0.766094,4.02199,17.2754
-1.99184,3.67725,17.9649
-2.98777,3.2559,18.1947
-3.2942,2.91116,17.85
-6.35858,2.98777,16.8924
-6.97145,3.67725,15.3985
-6.20536,4.51995,14.9388
-3.90708,5.86062,13.9429
-1.26405,5.93723,13.1385
0.804398,7.12467,12.6405
1.45558,7.58433,12.1043
4.32843,7.46941,11.7212
5.86062,7.08637,11.8745
5.82231,6.32027,12.1426
5.59248,5.82231,13.0236
5.20944,5.55418,12.9853
5.13283,5.17113,12.2192
4.903,4.63487,11.3765
4.48165,4.0986,10.4572
4.9413,4.02199,10.4572
5.09452,3.98369,10.8019
4.9413,4.02199,11.2233
4.63487,4.21351,11.0318
4.9413,4.32843,10.687
5.24774,4.17521,10.8785
6.47349,4.97961,10.1124
8.50364,6.20536,10.2273
9.76769,6.93315,9.61448
9.76769,7.27789,9.07821
10.2657,7.3545,7.92907
7.43111,7.08637,7.66094
5.55418,5.97553,8.1972
4.29012,5.40096,7.58433
4.02199,5.05622,6.77993
4.02199,4.9413,6.32027
4.21351,5.17113,6.12875
5.40096,5.89892,5.43926
6.85654,6.43519,4.44334
7.3928,6.24366,4.86469
6.93315,4.97961,6.01384
5.7457,3.94538,6.28197
5.05622,3.48573,5.51587
4.903,3.37081,4.0603
5.28605,3.40912,2.83455
5.63079,3.52403,1.91523
4.71148,3.06437,1.57049
4.55826,2.33659,1.57049
3.86877,1.80032,0.804398
3.63894,1.57049,-0.191523
3.2942,1.18745,-0.766094
1.49388,0.421352,-0.65118
-0.268133,0.0383047,-1.07253
-1.30236,-0.689484,-0.612875
-1.41727,-1.26405,-0.0383047
-1.37897,-1.95354,0.229828
-1.34066,-2.29828,0.344742
-0.153219,-2.29828,-0.0383047
-0.612875,-1.76202,-0.383047
-1.87693,-1.49388,-0.229828
-4.0986,-1.87693,0.612875
-5.59248,-1.83862,1.6088
-6.20536,-1.80032,2.29828
-6.93315,-1.72371,3.60064
-6.89484,-1.53219,4.44334
-6.01384,-1.22575,6.35858
-4.02199,-0.65118,8.58025
-4.0986,-0.191523,9.99752
-3.90708,0.153219,11.3765
-4.32843,0.919312,12.1809
-5.43926,0.153219,13.1768
-5.7074,-0.612875,14.326
-7.00976,-0.383047,14.3643
-7.00976,0.383047,14.211
-3.02607,3.14098,14.2876
0.65118,4.40504,15.8964
2.33659,4.71148,17.1605
2.4515,4.59656,16.8158
-0.612875,4.17521,15.5134
-2.75794,4.40504,14.4409
-3.98369,5.32435,13.2151
-4.0986,5.7074,13.0619
-3.86877,6.77993,12.6405
-3.63894,8.65686,11.7595
0.497961,9.42295,11.9511
1.6088,9.49956,12.2192
2.4515,10.0741,12.4873
1.83862,10.9934,11.5297
0.344742,11.7978,10.3423
-0.306437,12.449,9.38465
2.22167,14.4792,9.42295
5.51587,16.0114,10.7636
6.39688,16.2029,12.2575
6.16705,15.1687,14.8622
4.97961,14.1727,16.5093
4.0603,13.6748,15.9347
3.44742,13.6365,15.207
2.03015,13.5982,12.6405
1.45558,13.6748,11.4148
2.37489,13.9812,10.5338
3.33251,13.9046,9.806
3.60064,13.5982,9.49956
4.40504,12.6788,9.23143
4.59656,12.2192,8.81008
4.25182,11.4914,8.04398
4.02199,10.6104,8.00568
4.25182,10.304,7.66094
4.71148,10.189,7.16298
5.24774,9.72939,7.20128
5.59248,9.07821,7.73755
5.28605,8.1972,7.54602
5.47757,7.96737,7.46941
5.51587,8.12059,6.77993
5.13283,8.04398,5.63079
4.86469,7.85246,6.12875
4.82639,7.3928,7.16298
5.32435,6.97145,8.38873
5.86062,6.39688,9.19312
6.5118,5.89892,9.03991
7.27789,6.01384,8.65686
8.12059,6.16705,8.38873
7.92907,6.28197,7.23959
7.58433,6.35858,6.01384
7.54602,6.20536,5.55418
7.54602,5.97553,4.74978
7.50772,5.7457,4.63487
7.27789,5.28605,4.63487
7.16298,4.903,4.44334
6.77993,4.55826,3.71555
6.12875,4.13691,2.91116
5.97553,4.02199,1.76202
6.24366,4.25182,0.842703
6.74162,4.51995,0.497961
6.58841,4.13691,0.995922
5.93723,3.2559,1.07253
5.86062,2.33659,0.995922
4.44334,1.49388,0.919312
4.02199,1.41727,0.57457
3.33251,1.18745,0.114914
3.06437,1.49388,-0.114914
3.44742,1.83862,-0.766094
3.67725,1.68541,-0.459656
3.40912,1.6088,-0.229828
2.4515,0.842703,0.153219
1.30236,0,0.957617
0.344742,-0.65118,1.72371
-0.0766094,-1.34066,1.91523
-0.383047,-1.6088,2.10676
-0.497961,-1.49388,2.03015
-0.383047,-0.766094,1.99184
0.0383047,-0.612875,2.56641
-0.421352,-0.995922,3.60064
-0.383047,-1.18745,4.63487
-0.919312,-0.919312,5.51587
-1.34066,-1.03423,7.23959
-1.87693,-1.26405,8.69516
-2.4898,-1.49388,9.53786
-2.83455,-1.49388,9.88261
-2.33659,-1.53219,9.49956
-3.2559,-1.26405,8.88668
-4.36673,-1.07253,8.73347
-4.55826,-1.14914,9.76769
-5.36266,-0.881008,10.4955
-7.12467,-0.536266,10.8785
-8.35042,-0.421352,11.185
-8.96329,0.114914,11.5297
-7.96737,1.53219,12.4107
-6.97145,3.33251,13.7897
-5.7457,4.63487,16.8158
-4.0603,5.59248,19.3439
-0.842703,6.32027,20.1483
2.29828,7.31619,18.3862
1.11084,7.89076,15.4368
-2.79624,7.20128,14.1727
-5.55418,7.3545,14.6324
-6.74162,8.00568,16.5859
-5.78401,8.84838,16.7008
-2.41319,9.8443,13.7514
1.41727,9.88261,11.3765
2.14506,9.30804,10.1124
4.74978,7.73755,10.5721
4.25182,5.78401,14.3643
1.22575,5.89892,16.8924
1.41727,6.35858,18.3096
2.29828,7.23959,17.6202
3.44742,8.61855,15.9347
3.75386,9.19312,14.6707
5.13283,9.88261,14.5175
6.09044,10.687,13.9429
5.86062,11.2616,13.8663
4.02199,11.2616,13.5216
3.02607,11.1084,13.2917
2.4515,11.0701,13.0236
1.99184,10.8402,11.7212
2.25998,10.4955,11.185
2.60472,10.4955,9.8443
3.06437,10.1124,8.92499
2.79624,9.72939,8.46534
2.52811,9.34634,8.42703
2.56641,9.30804,7.81416
2.87285,9.19312,6.74162
3.21759,8.42703,6.28197
3.63894,7.54602,6.5118
4.55826,6.81823,7.31619
5.59248,6.43519,8.23551
6.70332,6.28197,8.54194
7.58433,5.97553,8.12059
7.46941,5.47757,8.00568
7.12467,4.82639,7.66094
7.27789,4.63487,7.54602
6.89484,4.29012,6.58841
6.58841,4.0603,6.20536
6.39688,4.02199,5.28605
5.47757,3.90708,3.86877
4.13691,3.37081,2.79624
2.87285,2.83455,2.06845
2.56641,2.52811,1.11084
2.52811,2.29828,0.344742
2.06845,1.72371,-0.153219
2.03015,1.26405,-0.191523
3.06437,1.45558,0.612875
3.40912,1.22575,1.34066
4.74978,0.919312,2.79624
5.24774,0.842703,3.52403
5.89892,0.612875,3.94538
7.20128,1.03423,3.21759
8.61855,1.72371,2.41319
8.84838,1.99184,1.6471
8.92499,1.6471,1.11084
8.08229,0.957617,1.41727
7.12467,0.766094,2.10676
6.93315,0.306437,2.87285
8.27381,0.306437,4.59656
10.2657,0.536266,6.16705
11.568,0.881008,7.04806
12.2192,1.18745,7.08637
11.7595,1.53219,7.3928
10.9551,1.80032,8.00568
9.95922,2.18337,8.1972
9.57617,2.64302,8.00568
9.07821,2.71963,8.1589
8.31211,2.71963,8.46534
7.66094,2.71963,9.42295
6.35858,2.52811,10.0741
4.40504,2.25998,10.7253
2.64302,2.41319,10.9934
2.4898,2.68133,10.4955
0.57457,3.2942,9.49956
-0.268133,3.94538,8.31211
-2.98777,4.59656,8.00568
-6.74162,3.75386,8.1972
-8.92499,2.22167,9.72939
-7.58433,1.07253,11.4531
-5.89892,0.306437,12.7938
-5.05622,0.881008,12.1809
-5.24774,1.34066,11.4914
-5.36266,0.919312,11.3765
-6.32027,0.306437,12.6405
-5.17113,-0.229828,14.0195
-6.05214,-0.881008,14.9005
-6.43519,-2.06845,16.3561
-5.93723,-2.91116,17.5435
-5.7074,-3.2559,17.8883
-5.78401,-3.86877,18.5395
-6.32027,-4.78809,18.7693
-6.16705,-4.74978,17.7734
-5.7074,-3.60064,15.8964
-4.59656,-2.68133,14.326
-4.0603,-1.91523,13.828
-2.64302,-2.03015,12.7172
-4.71148,-2.52811,12.3341
-6.43519,-2.52811,11.7978
-6.47349,-1.72371,11.1084
-6.01384,-0.727789,10.3423
-5.82231,-0.229828,9.65278
-4.86469,0.0766094,9.57617
-4.97961,0.114914,9.38465
-5.01791,0.0766094,9.19312
-4.36673,1.03423,9.30804
-4.02199,1.34066,9.53786
-2.98777,1.68541,9.88261
-2.75794,2.03015,9.69109
-2.37489,2.52811,8.61855
-1.99184,2.91116,7.31619
-1.80032,3.94538,6.01384
-0.421352,4.82639,5.09452
0.881008,5.28605,5.36266
1.49388,5.51587,5.43926
1.57049,5.59248,5.7457
2.37489,6.24366,5.59248
3.63894,6.70332,6.12875
4.903,6.77993,6.77993
5.66909,6.85654,7.12467
6.01384,7.69924,7.31619
6.09044,7.92907,7.46941
6.62671,8.38873,7.73755
7.12467,8.88668,6.97145
7.77585,8.81008,6.93315
8.31211,8.65686,7.31619
9.42295,8.81008,7.23959
10.8785,8.96329,7.50772
12.2192,9.38465,7.43111
12.3724,9.57617,7.54602
13.2534,9.23143,8.12059
12.6405,8.73347,8.61855
11.7212,8.31211,8.50364
10.3423,8.23551,7.92907
10.1124,8.31211,7.27789
10.304,8.35042,7.08637
10.8785,8.35042,7.3545
10.9551,8.58025,7.16298
11.1467,8.1972,7.23959
11.1467,8.42703,7.00976
10.6104,8.27381,7.00976
10.304,7.73755,7.73755
10.0741,7.73755,7.89076
9.95922,7.81416,7.66094
10.2273,7.89076,6.58841
10.189,8.1589,6.70332
10.1124,8.27381,6.5118
9.99752,8.27381,6.70332
9.8443,8.1972,7.31619
9.19312,7.77585,8.31211
7.96737,7.31619,8.65686
6.89484,6.89484,8.73347
6.32027,6.35858,8.73347
6.05214,6.05214,9.19312
6.01384,6.39688,8.1589
6.93315,7.20128,7.43111
7.16298,7.50772,6.70332
5.43926,7.54602,7.08637
2.71963,6.70332,8.1589
0.766094,5.7074,9.19312
0.459656,4.71148,10.0358
1.68541,4.59656,10.1124
2.33659,5.01791,9.42295
2.14506,6.16705,8.31211
1.87693,6.81823,7.92907
0.229828,6.43519,8.23551
-3.90708,5.20944,8.69516
-6.05214,4.29012,8.38873
-7.62263,4.51995,7.04806
-9.26973,4.903,5.78401
-10.8402,3.17929,6.47349
-12.1043,0.727789,8.81008
-12.1426,-1.26405,11.7212
-11.1467,-2.94946,13.7514
-9.72939,-3.98369,15.2453
-9.23143,-4.32843,16.2412
-7.20128,-4.82639,16.9307
-5.05622,-4.9413,16.5093
-2.56641,-4.78809,15.3219
-1.95354,-4.36673,13.6748
-1.83862,-3.60064,11.2999
-2.18337,-3.75386,10.0358
-1.76202,-3.98369,9.57617
-1.37897,-3.75386,9.49956
-0.0766094,-3.52403,9.30804
2.4515,-3.02607,9.49956
3.52403,-2.79624,9.23143
3.2942,-2.68133,8.88668
2.10676,-2.83455,8.69516
2.14506,-2.98777,9.03991
1.41727,-3.06437,9.69109
2.87285,-2.37489,10.8019
4.78809,-2.71963,12.7172
5.59248,-3.37081,14.9771
5.55418,-3.02607,14.8622
4.78809,-2.94946,13.4833
4.55826,-2.87285,12.7938
4.71148,-2.83455,13.0619
4.67317,-2.64302,13.4066
4.55826,-2.79624,13.9046
3.56234,-3.33251,13.828
3.14098,-3.94538,14.2493
2.79624,-4.29012,14.0578
2.71963,-4.25182,14.0195
2.52811,-4.21351,13.0619
2.18337,-4.48165,12.2575
2.22167,-4.55826,11.2999
1.99184,-4.78809,10.5338
1.18745,-5.47757,10.0741
0.459656,-5.82231,9.38465
-0.153219,-5.97553,8.1972
-0.0766094,-6.24366,7.23959
0.459656,-6.5118,6.97145
0.57457,-6.5501,6.93315
0.497961,-6.39688,6.05214
0.612875,-6.01384,4.82639
0.459656,-5.97553,4.0986
0.229828,-6.05214,3.21759
-0.0383047,-5.97553,2.41319
0.0766094,-5.86062,1.11084
0.268133,-5.59248,0.536266
0.65118,-5.32435,0
0.957617,-5.32435,-0.536266
1.72371,-5.32435,-1.80032
1.95354,-5.36266,-3.02607
1.99184,-5.24774,-3.44742
1.87693,-4.78809,-4.67317
1.6088,-4.78809,-5.47757
1.6471,-4.78809,-5.78401
1.45558,-5.01791,-6.16705
2.60472,-5.63079,-5.78401
4.13691,-5.78401,-5.78401
4.903,-5.47757,-5.89892
4.74978,-4.9413,-5.55418
4.86469,-4.17521,-5.13283
4.59656,-3.56234,-4.9413
3.10268,-2.91116,-4.0603
2.4898,-2.79624,-2.79624
1.45558,-3.33251,-1.37897
0.459656,-3.83047,-0.0766094
1.14914,-3.48573,0.459656
0.65118,-3.63894,0.727789
0.536266,-3.40912,1.41727
1.18745,-3.37081,1.95354
3.2559,-3.33251,2.10676
4.40504,-3.14098,0.65118
4.51995,-2.87285,-0.153219
2.75794,-3.02607,0.612875
1.6088,-2.56641,1.91523
1.49388,-1.87693,3.17929
0.612875,-1.6471,4.51995
2.14506,-0.689484,5.36266
4.86469,-1.11084,6.47349
6.74162,-1.34066,7.3545
7.3928,-0.421352,6.16705
5.7074,1.37897,4.32843
5.36266,3.10268,4.82639
1.87693,3.60064,8.35042
1.6088,3.06437,11.9511
2.68133,2.37489,15.1687
3.79216,2.71963,14.6324
2.33659,3.02607,13.4449
1.45558,3.63894,11.1084
1.14914,5.05622,10.1124
-0.57457,6.12875,11.4914
0.153219,5.59248,15.1687
0.383047,4.86469,19.3439
1.22575,4.78809,21.872
2.25998,5.78401,22.4082
3.2559,6.43519,21.6038
3.60064,6.70332,20.8377
3.98369,6.39688,21.0676
3.98369,5.93723,21.7571
3.90708,5.78401,22.1784
3.98369,5.7074,21.4889
4.17521,5.36266,21.4123
4.67317,5.78401,21.5272
5.55418,6.43519,21.5655
6.01384,6.58841,20.991
5.09452,6.05214,20.3015
3.75386,5.09452,19.8035
2.83455,4.29012,19.1906
1.72371,4.0603,17.8117
1.37897,4.44334,16.5476
1.37897,4.51995,15.7432
1.37897,4.51995,15.3219
1.53219,4.21351,15.3602
1.03423,3.52403,15.3985
0.306437,3.14098,14.7473
-0.229828,2.94946,13.9429
-1.11084,2.71963,13.33
-1.03423,2.56641,12.4107
-1.11084,2.22167,10.1124
-1.53219,1.53219,9.42295
-1.22575,1.76202,7.69924
-1.11084,1.6088,6.32027
-0.344742,1.22575,5.7074
1.30236,0.689484,5.51587
1.26405,0.612875,4.86469
0.995922,0.191523,4.21351
1.45558,-0.0766094,4.02199
1.83862,-0.344742,2.94946
2.37489,-0.804398,2.4898
2.10676,-1.03423,0.766094
1.87693,-1.41727,-0.344742
1.6471,-2.06845,-0.344742
1.6471,-2.33659,0.0383047
1.87693,-2.75794,0.191523
2.29828,-3.10268,-0.229828
2.37489,-3.2942,-0.995922
2.22167,-3.37081,-1.72371
2.56641,-3.21759,-2.06845
3.10268,-3.40912,-1.76202
3.52403,-3.60064,-1.57049
3.44742,-3.71555,-1.53219
3.06437,-3.90708,-0.57457
2.71963,-3.90708,-0.804398
2.79624,-3.67725,0.153219
2.79624,-3.56234,0.344742
2.71963,-3.37081,0.65118
3.21759,-2.87285,0.804398
3.02607,-2.56641,0.612875
2.29828,-2.52811,0.957617
1.11084,-2.14506,1.68541
0.268133,-1.57049,2.68133
-0.153219,-1.30236,4.44334
-0.268133,-0.57457,4.97961
0.229828,-0.306437,5.32435
0.995922,-0.191523,4.903
1.41727,0.114914,5.51587
1.45558,1.11084,6.58841
0.229828,1.76202,8.65686
0.229828,1.80032,10.4955
0.766094,1.45558,11.0318
0.57457,1.45558,10.3806
0.421352,2.75794,8.81008
0.957617,4.74978,8.77177
0.421352,4.903,10.4955
0.57457,5.05622,13.4066
0.536266,4.51995,15.4751
0.497961,3.79216,16.1263
0.727789,3.75386,15.8198
-0.306437,5.05622,15.0537
0.306437,6.20536,15.0154
0.344742,6.28197,16.3561
0.153219,5.59248,18.0415
0.727789,4.48165,18.8076
0.919312,3.75386,17.8117
-0.0766094,4.21351,16.5093
-0.0766094,5.7074,15.6283
2.83455,6.43519,15.7815
2.83455,6.35858,16.3561
2.10676,6.35858,16.969
1.95354,5.93723,17.2371
1.6471,6.12875,17.5818
2.37489,6.66501,17.9266
2.83455,6.74162,18.1181
3.52403,6.85654,17.85
3.2559,6.16705,17.85
3.21759,6.39688,17.1222
3.14098,6.5118,15.5517
0.881008,6.16705,14.709
-0.497961,5.28605,15.3985
-0.421352,4.51995,16.088
0.842703,4.63487,15.5517
2.03015,5.28605,14.7856
2.22167,4.86469,14.4409
1.57049,4.17521,15.59
0.344742,3.90708,16.471
0.268133,3.90708,15.5517
-0.191523,3.79216,13.5216
-0.497961,3.40912,11.7595
-0.612875,2.98777,10.6487
-0.881008,2.18337,10.189
-1.14914,0.881008,10.1124
-1.26405,0.0383047,10.2657
-0.268133,0.268133,9.07821
-0.306437,0.268133,7.62263
-1.34066,-0.229828,6.74162
-1.6471,-0.421352,6.62671
-1.72371,-0.995922,6.66501
-1.83862,-1.45558,6.39688
-3.56234,-1.6471,5.32435
-4.86469,-2.25998,5.7074
-5.32435,-2.68133,5.7074
-3.75386,-2.33659,6.16705
-2.18337,-1.6471,5.51587
-1.72371,-1.6471,4.903
-0.612875,-2.18337,4.25182
-3.02607,-2.94946,3.75386
-3.2559,-2.98777,3.67725
-3.60064,-2.87285,3.2942
-3.60064,-2.4898,2.71963
-3.40912,-1.87693,2.06845
-2.52811,-1.14914,1.57049
-0.957617,-0.804398,1.14914
0.804398,-0.421352,-0.421352
1.83862,-0.65118,-0.57457
1.91523,-1.30236,-0.919312
2.25998,-1.34066,-1.11084
0.421352,-1.34066,-0.919312
-0.919312,-1.14914,-0.57457
-0.268133,0.114914,-0.65118
2.25998,1.76202,-1.11084
3.10268,1.80032,-0.612875
3.17929,2.25998,-0.497961
2.75794,3.10268,0.0383047
3.02607,3.56234,0.459656
0.957617,4.44334,0.497961
0.114914,5.59248,0.727789
2.22167,8.50364,-0.0383047
6.89484,9.95922,1.26405
8.12059,8.92499,2.83455
9.38465,9.49956,2.91116
11.0701,10.3423,2.41319
11.4148,10.4955,3.71555
9.11651,10.0358,4.78809
4.78809,9.34634,5.13283
2.4515,9.65278,4.903
5.97553,11.9894,5.01791
7.85246,13.1002,6.01384
7.20128,13.5599,5.17113
9.26973,15.6666,5.55418
9.806,15.4751,7.96737
9.38465,14.709,10.6104
9.15482,13.33,11.6829
3.40912,12.8321,11.4914
0.459656,13.1768,10.6104
0.459656,14.7856,10.5338
2.83455,16.7775,10.1124
5.36266,17.6202,10.189
6.89484,18.9608,8.88668
5.82231,18.5012,10.1507
2.64302,18.3862,10.4955
-0.268133,17.5818,11.568
-0.881008,16.088,11.7212
-4.86469,14.1344,10.6104
-6.39688,12.7555,10.2657
-4.55826,12.6788,9.95922
-2.87285,13.1768,9.49956
-1.30236,13.4833,9.53786
-1.22575,13.6365,10.1124
-2.91116,13.1002,10.0358
-5.66909,11.9511,10.5721
-6.77993,11.2616,11.6446
-6.70332,10.8019,11.9128
-5.66909,10.4189,12.6405
-4.0986,10.4955,12.2575
-1.11084,11.185,11.3765
-1.83862,10.2273,12.9087
-2.98777,9.8443,14.2493
-3.79216,10.1507,13.4449
-4.903,9.88261,11.9128
-4.67317,9.34634,9.34634
-4.51995,7.66094,8.96329
-5.66909,5.28605,9.72939
-6.97145,4.29012,10.2657
-8.96329,3.98369,10.3423
-9.15482,3.79216,10.9168
-7.92907,2.83455,11.1084
-7.3928,1.99184,10.9934
-5.82231,2.18337,9.88261
-4.97961,2.37489,8.50364
-6.12875,1.80032,7.08637
-6.62671,0.191523,7.20128
-7.89076,-0.995922,8.69516
-6.5118,-1.72371,10.2273
-5.55418,-1.76202,10.7253
-3.83047,-1.6088,10.4572
-2.22167,-1.11084,10.0358
-1.34066,-1.03423,9.61448
-1.80032,-1.57049,9.19312
-2.91116,-1.83862,7.69924
-4.63487,-1.99184,5.97553
-5.36266,-1.83862,4.82639
-6.05214,-2.10676,4.44334
-4.97961,-1.18745,4.21351
-4.0603,-0.612875,3.71555
-3.63894,-0.995922,3.67725
-3.75386,-1.53219,3.83047
-3.86877,-1.57049,2.18337
-4.02199,-1.30236,0.114914
-3.83047,-1.18745,-1.26405
-3.71555,-1.18745,-1.57049
-3.17929,-0.881008,-1.6471
-0.727789,-0.306437,-1.37897
0.0766094,-0.421352,-0.57457
0.306437,-0.459656,0.229828
0.689484,-0.306437,0.306437
1.07253,-0.229828,0.421352
1.11084,0.0383047,0.229828
2.33659,-1.49388,0.268133
4.02199,3.17929,-1.68541
6.5118,3.83047,-1.18745
7.73755,4.74978,-0.383047
7.20128,4.59656,0.766094
6.5501,3.75386,2.14506
5.78401,3.71555,1.72371
5.40096,4.17521,1.80032
6.20536,5.05622,2.03015
7.20128,5.86062,2.56641
7.92907,6.5501,2.4898
8.1589,7.3545,1.83862
7.85246,7.89076,1.37897
5.89892,8.1589,1.34066
5.13283,8.69516,2.14506
7.43111,9.72939,4.74978
8.61855,9.23143,8.27381
6.85654,8.42703,9.49956
6.93315,9.49956,9.34634
7.16298,10.6104,8.12059
7.3545,11.8361,8.08229
7.73755,12.449,8.1589
7.62263,12.6788,9.0016
7.58433,12.6022,9.95922
6.74162,12.066,11.3382
6.01384,12.5639,10.7636
5.93723,12.8704,9.95922
5.59248,13.4066,9.46126
4.903,13.0619,9.72939
3.10268,13.1002,9.76769
2.29828,14.0578,10.1507
0.957617,13.7897,10.687
-0.842703,12.947,11.2999
-2.4515,12.9853,11.1084
-2.71963,12.1043,11.9511
-1.34066,13.1002,12.449
-0.0383047,14.0195,11.6446
0.459656,14.6707,12.1043
1.95354,13.6365,13.2151
-0.0383047,12.1043,14.3643
-1.80032,10.8785,14.5558
-3.83047,10.0741,13.33
-4.63487,10.6104,10.8785
-3.06437,11.2616,8.65686
-1.30236,10.9934,7.31619
-1.30236,9.76769,8.00568
-2.91116,8.42703,9.69109
-3.40912,6.32027,10.8785
-3.83047,5.51587,12.8704
-3.67725,4.21351,12.4873
-3.2559,4.36673,10.687
-0.497961,4.48165,10.8785
-0.0766094,5.09452,10.8402
-0.727789,5.47757,10.304
-2.56641,5.05622,9.42295
-2.71963,4.55826,7.92907
-2.14506,4.44334,6.5118
-2.10676,4.44334,4.13691
-1.95354,4.63487,2.68133
-3.90708,5.36266,0.229828
-4.29012,5.28605,-0.114914
-13.0236,0.957617,2.71963
-16.5476,-3.2942,6.85654
-16.2412,-5.40096,9.46126
-14.9771,-5.28605,9.76769
-13.4833,-3.71555,8.35042
-11.8745,-2.37489,7.66094
-11.7212,-1.83862,8.84838
-11.1467,-1.87693,10.0358
-5.7074,-1.07253,10.4189
-4.97961,-1.18745,9.11651
-5.86062,-1.26405,7.43111
-7.04806,-1.14914,7.46941
-7.23959,-1.45558,8.58025
-6.35858,-1.68541,8.96329
-5.43926,-2.06845,8.04398
-3.71555,-2.22167,5.89892
-2.4515,-1.99184,5.86062
-2.14506,-2.22167,6.77993
-2.14506,-2.29828,8.08229
-2.22167,-1.95354,9.34634
-0.191523,-0.881008,9.07821
0.766094,-0.497961,8.27381
1.41727,-1.34066,8.04398
1.37897,-1.83862,7.66094
1.45558,-1.87693,7.43111
0.421352,-2.03015,8.12059
0.995922,-1.37897,9.11651
1.80032,-0.727789,9.11651
1.87693,-0.0766094,9.30804
2.71963,0.0766094,9.0016
3.37081,0.229828,8.31211
3.56234,0.612875,7.77585
2.79624,0.766094,8.27381
2.22167,0.766094,9.0016
1.68541,1.34066,9.46126
2.60472,1.45558,8.96329
3.71555,1.68541,8.54194
4.0986,1.6471,7.69924
4.0603,1.6088,6.66501
4.0603,2.14506,6.5501
3.98369,2.75794,7.85246
5.43926,3.21759,9.30804
6.89484,3.90708,10.304
7.73755,4.36673,10.1124
8.81008,5.36266,8.77177
9.8443,6.43519,7.73755
9.99752,6.66501,8.00568
9.46126,6.85654,8.31211
8.73347,6.74162,9.03991
8.46534,6.89484,9.53786
8.69516,7.16298,9.65278
9.65278,7.20128,9.76769
9.95922,7.3545,9.72939
11.6063,7.73755,9.806
11.2999,7.50772,9.49956
9.95922,6.93315,9.46126
8.54194,6.05214,9.38465
7.12467,5.63079,8.73347
6.58841,5.05622,8.35042
6.32027,4.40504,8.46534
6.24366,4.29012,8.35042
6.5501,4.29012,8.38873
6.66501,4.59656,8.04398
6.85654,4.82639,7.73755
6.62671,4.48165,7.77585
6.35858,3.67725,8.31211
5.93723,2.94946,8.58025
5.36266,2.75794,8.58025
4.44334,2.29828,8.50364
3.56234,2.25998,8.1589
3.44742,2.18337,7.85246
3.71555,2.10676,7.89076
3.79216,2.03015,7.92907
3.21759,1.49388,8.27381
1.49388,0.842703,9.03991
-0.153219,0.0383047,9.806
-0.689484,-0.229828,10.3423
-0.536266,-0.57457,9.806
-0.727789,-0.268133,9.23143
-0.804398,-0.114914,8.77177
-0.497961,0.114914,8.61855
-1.68541,0.306437,9.15482
-2.87285,0.497961,9.61448
-4.21351,0.344742,10.2657
-5.20944,0.153219,11.6063
-5.28605,-0.0766094,11.568
-4.78809,0,10.4189
-3.79216,0.612875,9.88261
-3.86877,0.766094,9.19312
-5.47757,0.957617,8.96329
-5.05622,0.65118,9.15482
-5.59248,0,10.1124
-7.43111,-1.11084,11.7978
-7.96737,-1.99184,13.3683
-8.1589,-2.87285,14.5941
-7.89076,-3.33251,14.7856
-7.16298,-3.56234,14.7856
-6.93315,-3.75386,15.2453
-6.47349,-3.75386,15.0154
-5.05622,-3.33251,14.4792
-4.97961,-2.98777,13.7131
-4.48165,-2.4515,11.9894
-5.63079,-2.56641,10.8402
-6.70332,-2.56641,9.61448
-6.81823,-2.75794,9.0016
-6.97145,-2.25998,8.92499
-5.66909,-1.34066,9.76769
-3.98369,-0.57457,10.687
-2.98777,-0.268133,11.8361
-2.60472,-0.114914,11.9894
-2.75794,-0.0383047,10.9551
-2.75794,0.114914,10.189
-2.91116,0.153219,10.1507
-3.60064,0.306437,9.65278
-3.63894,0.57457,9.8443
-3.52403,0.881008,9.76769
-2.83455,1.95354,9.46126
0.995922,3.2942,9.0016
2.14506,3.90708,8.58025
2.10676,3.56234,8.50364
2.14506,2.71963,8.42703
1.03423,2.4515,8.31211
0.804398,2.18337,8.50364
0.383047,2.83455,7.81416
1.6471,3.94538,6.74162
4.0986,4.74978,5.86062
5.51587,5.28605,5.47757
5.97553,5.01791,5.93723
5.05622,4.67317,6.77993
4.40504,4.78809,6.66501
3.94538,4.903,7.31619
4.13691,5.01791,7.69924
4.25182,5.05622,8.31211
4.40504,5.40096,8.00568
4.67317,6.62671,7.23959
7.20128,7.77585,6.16705
10.189,7.92907,6.09044
10.189,7.3928,6.70332
9.49956,6.43519,7.31619
8.61855,5.89892,8.1589
7.69924,5.47757,8.35042
7.31619,5.63079,9.07821
7.69924,6.01384,8.88668
8.23551,6.32027,7.96737
8.88668,6.77993,7.3545
10.1507,7.96737,6.12875
11.4148,8.92499,5.55418
12.1809,8.81008,6.58841
11.9128,7.96737,7.43111
10.9168,7.00976,8.1972
9.95922,6.24366,8.61855
8.69516,5.97553,7.73755
8.42703,5.66909,7.50772
8.31211,5.7074,7.00976
8.96329,7.00976,6.12875
11.7212,7.62263,5.89892
11.2233,7.3928,6.47349
10.1507,6.89484,7.46941
8.88668,6.39688,8.31211
7.73755,5.63079,8.35042
6.97145,5.43926,7.85246
7.08637,5.47757,7.50772
7.58433,5.82231,7.3928
8.23551,6.39688,7.20128
8.23551,6.62671,7.89076
8.81008,6.47349,8.77177
6.62671,5.97553,9.07821
4.82639,5.09452,8.96329
3.67725,4.44334,8.92499
3.33251,3.94538,8.50364
1.91523,3.83047,7.73755
2.33659,3.98369,7.08637
2.60472,3.98369,7.43111
2.4515,3.63894,9.15482
1.22575,2.87285,10.1124
0.191523,2.4515,10.4955
-0.0383047,2.4898,9.92091
-0.268133,2.52811,9.53786
-0.497961,2.87285,8.69516
-0.57457,2.98777,8.61855
-1.26405,2.4898,9.49956
-1.91523,1.99184,9.72939
-3.17929,1.80032,9.42295
-4.903,1.49388,8.96329
-5.05622,1.99184,8.92499
-4.59656,1.87693,9.19312
-4.44334,1.83862,9.49956
-1.83862,1.80032,9.46126
-2.22167,1.87693,8.54194
-4.59656,1.57049,7.92907
-5.66909,0.689484,8.77177
-4.71148,-0.0383047,10.1507
-4.02199,-0.957617,11.4148
-4.02199,-2.29828,12.2958
-5.01791,-2.94946,13.0619
-4.82639,-3.06437,13.2534
-3.94538,-3.44742,13.6365
-3.2942,-4.32843,14.0961
-2.4898,-4.67317,14.0961
-1.87693,-3.98369,13.1768
-0.65118,-3.2559,12.5256
0.306437,-3.10268,12.7172
0.459656,-3.06437,13.4066
0.229828,-3.44742,13.5599
0.689484,-2.87285,13.33
0.65118,-2.71963,12.4107
0.306437,-2.37489,11.4531
0.612875,-2.18337,11.8361
1.26405,-2.14506,13.1385
2.03015,-2.91116,15.207
3.2942,-2.83455,16.7008
2.94946,-2.4515,15.3985
2.75794,-1.95354,14.1344
2.25998,-2.22167,13.0236
0.689484,-2.4898,12.6788
-0.114914,-2.64302,12.6405
-0.766094,-3.33251,13.6748
0.421352,-3.14098,14.9771
2.4515,-2.52811,14.8622
4.25182,-1.6088,13.4833
4.25182,-1.53219,11.5297
2.64302,-2.10676,10.7636
1.41727,-2.56641,11.0318
0.344742,-3.33251,11.0701
0.421352,-3.56234,10.687
-0.459656,-3.37081,9.88261
0.421352,-3.10268,9.61448
2.14506,-3.02607,8.88668
1.03423,-3.44742,7.46941
0.421352,-3.44742,4.67317
0.229828,-3.67725,3.2942
0.497961,-4.48165,3.60064
0.65118,-5.7457,3.2559
-0.0383047,-6.32027,2.71963
-1.45558,-5.97553,2.37489
-1.22575,-5.40096,2.37489
-0.804398,-5.40096,3.17929
-0.65118,-5.93723,3.90708
-1.37897,-6.39688,3.94538
-2.68133,-6.81823,3.10268
-2.33659,-6.32027,2.71963
-1.87693,-5.66909,2.33659
-1.87693,-5.55418,2.71963
-1.87693,-5.43926,2.10676
-1.83862,-5.51587,1.45558
-0.268133,-5.09452,1.37897
0.114914,-5.13283,1.6471
0.497961,-4.25182,1.22575
1.22575,-3.17929,0.957617
0.995922,-2.98777,1.41727
0.842703,-2.98777,1.37897
0.612875,-3.17929,1.99184
0.727789,-3.40912,2.83455
1.87693,-3.02607,3.17929
3.52403,-2.52811,3.37081
4.903,-1.83862,2.83455
5.13283,-1.49388,3.14098
5.63079,-2.37489,3.21759
3.71555,-2.87285,3.60064
2.91116,-2.71963,2.87285
3.60064,-2.10676,1.57049
5.28605,-1.49388,0.804398
7.20128,-0.57457,0.995922
8.1589,-0.229828,2.06845
7.3928,-0.229828,2.79624
5.59248,-0.0766094,3.33251
3.44742,0.191523,3.63894
2.06845,0.766094,4.0603
4.51995,2.87285,4.63487
7.92907,4.36673,5.7074
8.69516,4.51995,6.5118
7.58433,4.36673,7.66094
6.09044,4.0986,8.58025
4.21351,4.63487,8.54194
2.68133,4.82639,8.38873
2.10676,5.09452,7.85246
1.26405,7.73755,7.3545
7.81416,9.15482,7.92907
7.77585,8.96329,8.77177
5.78401,8.77177,10.0741
3.83047,8.1589,11.4914
1.30236,7.54602,11.2999
-0.766094,7.04806,10.4572
-1.6471,7.81416,9.38465
-0.57457,10.2273,6.97145
-0.191523,11.6829,5.59248
-1.22575,12.5639,5.59248
-1.53219,13.33,7.04806
-1.99184,13.2534,8.69516
-0.229828,14.211,12.1426
7.46941,12.947,16.0497
7.46941,10.2273,16.9307
5.59248,11.1467,11.5297
4.32843,11.7595,7.3928
3.06437,12.2958,4.40504
1.95354,12.2192,3.86877
1.11084,11.7212,4.51995
0.191523,10.5338,7.00976
-0.153219,9.53786,8.35042
-1.14914,9.03991,8.88668
-0.459656,9.07821,8.84838
1.87693,10.4189,6.97145
2.98777,11.6446,5.55418
2.37489,11.6063,5.63079
0.497961,10.4955,7.08637
-1.83862,8.88668,8.65686
-2.60472,8.23551,9.23143
-1.6088,8.65686,8.69516
0.153219,9.92091,7.81416
0.497961,10.687,7.12467
0.57457,10.9934,7.58433
0.804398,10.8402,8.31211
-2.14506,9.53786,10.0358
-3.40912,8.38873,11.2233
-3.79216,8.1972,11.568
-3.60064,8.50364,11.2233
-2.33659,9.61448,10.6487
-0.804398,10.8402,10.3806
-0.0766094,11.4531,11.5297
-0.536266,11.4914,12.1043
-1.03423,10.9551,11.568
-2.68133,9.76769,10.5721
-4.0986,9.49956,9.72939
-3.02607,9.65278,8.81008
-0.727789,9.69109,9.07821
-1.45558,8.04398,10.5721
-3.02607,7.04806,12.7172
-4.32843,5.82231,13.8663
-4.59656,4.0603,13.2534
-4.32843,2.94946,9.92091
-4.40504,1.57049,7.20128
-4.13691,-0.0383047,7.96737
-3.60064,-2.33659,10.6487
-3.40912,-4.74978,15.1687
0.65118,-5.82231,18.5395
2.60472,-4.59656,18.9225
2.94946,-2.03015,15.4368
1.11084,-0.881008,11.0701
0.804398,-1.68541,9.95922
-0.114914,-2.91116,10.189
0,-4.36673,11.5297
0.306437,-3.75386,11.568
0.727789,-2.52811,10.189
0.919312,-0.995922,7.58433
0.881008,-0.191523,5.28605
1.22575,0.383047,3.75386
0.459656,-0.689484,4.21351
0.804398,-2.03015,5.93723
1.57049,-3.90708,7.69924
0.536266,-5.7074,9.49956
-1.34066,-6.43519,9.23143
-2.18337,-4.97961,7.31619
-2.22167,-3.37081,6.24366
-2.25998,-2.60472,6.12875
-1.87693,-2.41319,6.5118
-1.07253,-2.14506,6.93315
-0.229828,-2.10676,7.46941
0.689484,-2.29828,7.58433
1.14914,-0.919312,6.77993
1.07253,0.0766094,4.63487
0.842703,0.842703,3.2559
0.65118,0.612875,3.2942
1.26405,1.07253,4.21351
2.10676,1.11084,5.01791
3.44742,0.995922,6.39688
4.0986,0.995922,7.3928
4.17521,1.57049,7.58433
3.48573,2.33659,6.93315
2.22167,2.98777,5.89892
1.57049,3.40912,5.97553
1.41727,3.94538,5.89892
1.34066,4.74978,5.66909
1.6471,5.36266,6.16705
1.72371,5.82231,6.43519
2.10676,6.16705,6.93315
2.94946,6.28197,7.04806
3.52403,5.63079,7.66094
3.98369,4.59656,8.77177
4.0986,4.32843,9.03991
3.83047,4.44334,9.99752
4.0603,5.47757,10.4572
4.44334,6.85654,10.3806
4.55826,7.04806,10.189
5.01791,7.27789,10.0741
5.55418,6.5501,9.95922
5.86062,6.28197,10.0358
5.40096,6.09044,10.687
4.63487,5.93723,11.0318
4.97961,6.28197,11.4914
5.66909,6.77993,11.0318
5.93723,6.74162,11.4531
6.66501,6.58841,11.1467
5.24774,5.86062,9.26973
3.2559,4.74978,5.78401
2.71963,3.94538,4.9413
3.2559,3.98369,4.9413
3.48573,3.60064,5.17113
3.63894,1.99184,6.35858
3.98369,1.49388,7.3928
3.40912,1.30236,6.97145
2.71963,1.6471,6.20536
2.91116,2.22167,5.93723
2.33659,2.56641,6.24366
-0.344742,2.22167,6.81823
-2.52811,0.0383047,9.72939
-3.56234,-1.18745,12.5639
-3.40912,-1.14914,14.1727
-3.48573,-0.881008,14.7856
-2.91116,0.114914,14.3643
-3.86877,1.03423,13.828
-4.32843,2.71963,13.9429
-4.25182,2.4898,14.2493
-5.63079,1.30236,15.2836
-7.00976,-0.383047,17.9649
-7.62263,-2.79624,19.9184
-6.74162,-2.98777,19.3439
-5.47757,-1.87693,18.0415
-4.59656,-0.689484,15.3602
-3.37081,-0.0766094,13.9812
-4.59656,-0.306437,14.8239
-6.77993,-0.421352,13.6365
-7.31619,-1.72371,13.5216
-9.15482,-1.37897,12.2192
-5.86062,0.153219,12.2958
-4.55826,0.881008,13.1768
-5.59248,0.689484,13.7514
-8.65686,0,12.6788
-11.2999,-0.306437,10.7636
-12.449,-0.727789,8.73347
-12.8704,-1.14914,7.04806
-13.1002,-2.71963,6.85654
-11.9511,-4.02199,8.73347
-9.88261,-4.71148,10.5338
-8.42703,-4.17521,10.8402
-8.27381,-3.2942,9.99752
-8.12059,-4.02199,9.49956
-8.73347,-4.63487,9.42295
-8.54194,-4.97961,8.46534
-8.00568,-4.82639,6.5501
-7.89076,-4.63487,3.44742
-7.58433,-5.09452,2.75794
-8.46534,-5.55418,2.10676
-8.84838,-6.16705,2.60472
-7.89076,-5.66909,3.17929
-7.04806,-5.43926,2.33659
-7.08637,-5.59248,0.842703
-6.70332,-5.28605,-0.689484
-6.20536,-5.17113,-1.22575
-7.00976,-5.66909,-0.459656
-7.3545,-6.12875,1.18745
-6.66501,-5.82231,3.10268
-4.0603,-4.55826,4.97961
-1.83862,-4.0986,5.82231
-0.536266,-3.67725,4.59656
-0.612875,-3.33251,2.75794
-2.33659,-3.33251,1.14914
-4.21351,-4.67317,0.344742
-4.48165,-4.903,1.22575
-5.13283,-4.67317,2.4515
-4.13691,-4.51995,3.75386
-1.87693,-3.75386,4.74978
0.421352,-2.10676,4.903
1.26405,-0.842703,4.0986
0.383047,-2.10676,3.98369
0.114914,-2.68133,3.10268
-2.33659,-2.64302,2.75794
-3.94538,-2.14506,3.75386
-3.71555,-1.57049,4.44334
-3.14098,-1.11084,5.32435
-2.79624,-0.881008,6.39688
-3.10268,-0.459656,7.3545
-3.67725,0.344742,7.50772
-4.63487,0.957617,7.66094
-5.28605,1.6088,7.73755
-4.903,2.29828,8.77177
-3.63894,3.71555,8.23551
-3.17929,5.32435,8.77177
-0.153219,6.47349,9.19312
1.14914,6.66501,9.03991
-0.383047,5.86062,8.88668
-1.6088,5.97553,9.34634
-2.94946,6.85654,9.42295
-3.52403,7.85246,10.2657
-3.71555,9.26973,11.568
-3.44742,10.304,12.7172
-2.64302,11.2616,13.5599
-1.37897,12.0277,13.5982
-0.0383047,12.1809,13.9812
0.804398,11.4914,14.9005
0.306437,11.3382,14.9005
-0.536266,11.185,12.449
-2.37489,11.3765,11.0318
-3.56234,11.4914,9.69109
-3.94538,11.568,9.46126
-3.90708,10.9168,10.6104
-3.02607,10.2273,11.3382
-2.22167,9.88261,11.185
-1.49388,9.65278,10.9934
-0.881008,9.53786,11.185
-0.957617,9.72939,10.5338
-2.10676,9.72939,8.77177
-3.79216,8.88668,7.31619
-3.75386,8.00568,7.12467
-0.995922,7.92907,7.89076
2.06845,10.1507,7.58433
2.87285,11.9894,6.70332
5.43926,13.7131,4.9413
1.57049,12.5639,4.74978
-1.91523,10.0741,5.17113
-4.903,5.82231,6.89484
-5.59248,3.44742,8.73347
-5.40096,2.33659,8.96329
-4.21351,1.68541,9.8443
-3.02607,1.37897,11.3382
-3.40912,0.881008,10.4955
-6.5118,-0.65118,9.57617
-9.92091,-2.4515,9.69109
-10.304,-4.74978,10.8402
-10.9551,-6.12875,12.6788
-6.5501,-5.97553,15.1687
-2.60472,-5.13283,16.6242
-0.344742,-3.67725,16.7008
0.0766094,-1.11084,14.7473
-1.99184,-0.114914,12.4873
-4.13691,-0.0766094,9.806
-5.40096,-0.268133,8.35042
-6.05214,-0.114914,7.54602
-6.05214,0.612875,6.58841
-6.47349,0.995922,6.39688
-6.5501,1.11084,5.78401
-6.5501,0.919312,5.66909
-6.77993,0.497961,5.78401
-7.81416,0.0383047,6.09044
-8.08229,-0.229828,7.27789
-7.66094,-1.18745,8.58025
-7.43111,-2.75794,9.95922
-6.74162,-2.71963,10.9551
-4.903,-2.06845,11.6446
-3.14098,-1.53219,11.6829
-2.68133,-1.72371,11.6446
-3.2559,-2.60472,11.4531
-3.79216,-3.17929,11.3765
-4.29012,-3.67725,10.9551
-4.51995,-2.79624,10.7636
-3.71555,-1.80032,9.26973
-3.2942,-1.45558,8.69516
-3.33251,-0.804398,8.31211
-2.4515,-0.191523,8.54194
-1.76202,-0.0383047,9.42295
-2.22167,0.0766094,9.99752
-3.14098,0.0383047,9.95922
-3.37081,0.268133,9.30804
-3.79216,0.727789,8.00568
-4.74978,0.881008,6.32027
-4.903,2.03015,6.05214
-4.17521,3.60064,6.01384
-4.02199,3.71555,7.50772
-4.0986,3.67725,8.31211
-5.32435,3.37081,9.34634
-5.89892,4.02199,9.806
-5.17113,5.89892,9.34634
-2.91116,7.77585,7.85246
-2.25998,8.27381,7.23959
-2.71963,8.88668,6.28197
-2.94946,9.95922,5.66909
-4.02199,9.03991,6.20536
-4.25182,8.77177,7.73755
-3.2942,9.8443,8.1972
-2.98777,10.2657,9.11651
-1.34066,10.8402,9.72939
2.29828,11.3382,9.8443
2.22167,10.6104,9.38465
0.727789,9.57617,8.96329
-0.421352,8.42703,8.65686
-2.4898,7.85246,8.84838
-2.83455,7.04806,9.65278
-4.59656,6.35858,9.61448
-5.40096,6.24366,9.30804
-5.05622,6.5501,8.61855
-3.79216,7.85246,7.96737
-3.40912,8.50364,7.43111
-2.79624,8.69516,8.1589
-1.99184,8.58025,9.65278
-1.72371,8.04398,10.1507
-1.76202,7.73755,10.4189
-1.57049,7.43111,9.99752
-1.49388,7.43111,9.95922
-1.45558,7.12467,10.3806
-2.10676,7.12467,10.8785
-2.25998,7.20128,11.5297
-1.91523,7.3928,12.1809
-2.14506,6.89484,12.1426
-2.37489,6.16705,11.9128
-1.95354,5.55418,11.7978
-1.53219,5.40096,11.4148
-1.03423,5.78401,11.2616
-0.57457,6.16705,10.9168
0,6.81823,10.5338
-0.0766094,7.08637,10.2657
-0.114914,6.74162,10.0358
-0.0766094,6.62671,10.0358
0.153219,6.39688,9.8443
0.766094,6.70332,9.65278
1.72371,7.54602,10.1507
2.14506,7.89076,9.99752
2.25998,7.73755,10.189
2.4515,7.12467,10.1507
1.11084,6.32027,9.99752
0.114914,5.78401,9.72939
0.229828,5.86062,9.69109
0.497961,5.86062,9.42295
1.91523,5.86062,9.34634
3.48573,5.7457,9.53786
4.02199,5.32435,9.806
3.33251,4.86469,9.61448
2.41319,4.44334,8.88668
2.22167,4.0603,9.15482
1.99184,3.67725,8.50364
1.11084,2.4898,7.69924
0.114914,1.68541,7.62263
0.383047,1.22575,7.73755
0.536266,0.612875,8.35042
1.03423,0.57457,8.88668
1.57049,1.03423,8.88668
1.76202,1.37897,8.96329
0.881008,1.41727,7.96737
-0.383047,0.919312,7.12467
-1.07253,0.421352,6.77993
-1.22575,0.268133,6.77993
-1.11084,0.191523,7.04806
-1.57049,0.114914,7.3928
-1.26405,0,8.1972
-0.995922,-0.459656,9.30804
-1.30236,-1.18745,10.3806
-2.18337,-1.91523,10.7253
-3.37081,-2.33659,10.7253
-4.0603,-1.6088,9.69109
-5.17113,-1.87693,7.58433
-4.903,-2.25998,6.97145
-3.44742,-2.25998,7.27789
-2.41319,-1.14914,8.73347
-2.10676,-1.37897,9.72939
-2.18337,-1.45558,11.1467
-2.41319,-2.22167,11.6063
-2.4898,-1.45558,11.2616
-2.94946,-0.919312,9.46126
-2.98777,-0.957617,8.69516
-2.60472,-1.11084,9.26973
-2.75794,-1.49388,8.81008
-2.52811,-1.57049,9.19312
-2.37489,-1.41727,8.61855
-1.37897,-1.34066,8.88668
-0.421352,-0.689484,8.65686
-1.6088,0,7.81416
-2.60472,-0.191523,7.23959
-2.71963,-0.0383047,7.08637
-2.68133,-0.114914,7.43111
-2.71963,-0.344742,7.92907
-2.52811,-0.114914,7.92907
-1.76202,0.842703,7.12467
-1.30236,1.53219,5.43926
-1.18745,2.87285,4.51995
-1.03423,4.55826,4.74978
1.99184,6.43519,6.32027
5.17113,7.81416,8.35042
6.35858,6.70332,10.1124
5.66909,6.09044,10.6487
3.83047,5.86062,11.0318
3.37081,5.59248,11.4148
1.80032,5.40096,12.2192
0.65118,4.86469,11.9894
0.957617,4.71148,11.4914
0.995922,4.32843,10.1507
0.766094,3.56234,9.61448
0.114914,3.21759,9.46126
-0.766094,3.94538,9.34634
-0.919312,4.903,10.1124
0.421352,5.17113,10.9551
2.56641,4.59656,11.8361
4.0986,3.60064,10.8402
4.32843,2.56641,9.42295
1.57049,1.91523,7.58433
-1.07253,1.57049,7.04806
-2.87285,2.03015,7.66094
-2.41319,2.06845,9.95922
-0.229828,2.4898,12.4873
2.10676,2.75794,11.2616
1.95354,3.06437,11.8745
6.58841,2.87285,10.0741
4.59656,1.95354,8.38873
1.14914,0.766094,8.58025
-0.344742,-0.0383047,10.2273
-1.22575,-0.268133,11.9511
-0.268133,0.153219,13.2151
0.881008,1.34066,13.9046
2.87285,2.83455,13.0236
4.29012,3.90708,11.7212
5.09452,4.40504,10.5721
5.40096,4.0603,9.92091
3.94538,2.56641,9.53786
0.0383047,1.22575,9.49956
-1.37897,0.306437,9.88261
-1.57049,-0.306437,10.1507
-1.03423,-0.229828,11.5297
0.383047,0.689484,11.2616
2.22167,2.33659,10.0358
2.71963,3.75386,9.03991
1.6471,2.87285,8.27381
0.497961,1.68541,7.46941
0.383047,0.383047,8.35042
0.383047,-0.268133,9.42295
0.497961,-0.306437,10.1507
1.03423,-0.0383047,10.9168
2.4515,-0.114914,11.0701
3.17929,0.344742,10.687
2.52811,1.34066,10.189
1.45558,1.95354,9.57617
0.497961,1.11084,8.96329
0.536266,-0.114914,8.73347
0.268133,-1.34066,9.46126
-0.229828,-2.33659,9.95922
0.306437,-2.75794,10.9168
0.881008,-2.56641,11.7212
1.26405,-2.29828,12.2575
2.25998,-1.53219,12.1043
2.4515,-0.383047,11.1467
1.22575,-0.114914,10.1124
0.421352,-0.114914,9.38465
0.191523,-0.0766094,9.11651
0.191523,-0.114914,9.34634
0.0383047,-0.306437,9.49956
-0.114914,-0.268133,9.95922
0.497961,0.0383047,9.34634
1.14914,0.689484,9.42295
1.6088,1.57049,8.61855
1.57049,2.22167,8.35042
1.11084,2.03015,8.08229
0.536266,1.83862,8.27381
0.804398,1.57049,8.12059
0.995922,2.03015,8.1972
0.689484,1.57049,8.61855
0.804398,1.18745,8.92499
1.6088,2.10676,9.46126
2.79624,1.57049,11.0318
2.10676,1.26405,11.5297
1.22575,1.45558,11.6446
1.22575,0.536266,11.2616
1.18745,0.0766094,10.9934
1.03423,0.383047,10.4572
0.919312,0.57457,9.92091
1.18745,1.18745,9.19312
1.68541,1.6088,8.42703
1.41727,1.49388,8.23551
0.421352,0.306437,9.30804
1.30236,-1.26405,10.2273
2.4898,-0.344742,10.9551
3.10268,1.03423,10.4189
3.17929,1.53219,9.42295
3.2559,1.18745,8.92499
2.79624,1.11084,9.23143
1.6088,-0.191523,9.806
1.99184,-0.497961,9.61448
2.14506,-0.804398,9.57617
2.25998,-0.306437,9.34634
2.79624,0.0766094,9.11651
3.17929,0.153219,9.0016
3.06437,0.0766094,9.72939
2.56641,-0.536266,9.76769
2.56641,-0.804398,9.76769
2.75794,-0.919312,9.69109
2.37489,-0.191523,9.65278
1.68541,1.37897,9.99752
3.06437,-0.689484,9.30804
1.91523,-1.99184,8.54194
1.76202,-2.06845,8.27381
2.4515,-1.6471,8.23551
2.60472,-1.11084,8.65686
2.4898,-0.919312,9.8443
2.29828,-0.919312,10.1124
2.4515,-0.881008,9.72939
2.37489,-0.804398,9.49956
2.79624,-0.842703,9.30804
2.41319,-1.41727,7.77585
1.87693,-1.14914,5.01791
1.45558,-1.99184,14.6707
-0.995922,-0.191523,12.6022
2.29828,-1.30236,7.27789
3.17929,-1.03423,8.96329
1.26405,-0.919312,10.189
1.03423,-1.22575,9.19312
2.06845,-1.07253,9.49956
2.25998,-0.995922,9.8443
1.34066,-1.11084,9.49956
1.6471,-0.842703,9.65278
1.45558,-1.03423,9.72939
1.57049,-1.03423,9.57617
1.49388,-0.995922,9.65278
1.53219,-0.957617,9.57617
1.68541,-1.03423,9.53786
1.45558,-0.957617,9.76769
1.72371,-0.842703,9.53786
1.53219,-0.957617,9.49956
1.68541,-1.14914,9.61448
1.53219,-1.11084,9.8443
1.53219,-1.07253,9.57617
1.57049,-0.995922,9.42295
1.53219,-0.957617,9.61448
1.6088,-0.957617,9.53786
1.6088,-1.03423,9.53786
1.49388,-0.957617,9.57617